bill_id,LogReg_Probability
26,0.20892896718171225
27,0.5041844739332972
28,0.208656697299936
29,0.16291303259038706
30,0.21753397969322485
31,0.2110761359077186
32,0.2158176569228033
33,0.8623576480381291
34,0.18811884778545884
35,0.32507034473667934
36,0.018516346665255288
37,0.1916859381346913
38,0.0001501709509203882
39,0.17275005003795885
40,0.10194927143066172
41,0.35193439098694546
42,0.004843115159610354
43,0.18811703915217315
44,0.4334729787635871
45,0.28532224042032633
46,0.13081282019261906
47,0.9906157115935034
48,0.12755528439936084
49,0.18366792602084303
50,0.16475115981284724
51,0.7170518295314947
52,0.18753281971066596
53,0.20070744758436387
54,0.18811703915217315
55,0.9982904165999238
56,0.1891015477796699
57,0.2088685691303826
58,0.0047922902485584085
59,0.04156950377729657
60,0.20016226219910133
61,0.20246499243205568
62,0.17502096442193665
63,0.19179796210048705
64,0.19974073498092082
65,0.18753281971066596
66,0.20016226219910133
67,0.2698265841478935
68,0.15522733287066015
69,0.37625732346443524
70,0.18753281971066596
71,0.20088914867758867
72,0.1275252924794939
73,0.3230235086323243
74,0.025621949238403493
75,0.11089600230798614
76,0.0121406589577478
77,0.18811703915217315
78,0.06885609420142623
79,0.8444486050277329
80,0.2012447043138943
81,0.19033689752224028
82,0.15230033236051166
83,0.188514980768651
84,0.1775935849588454
85,0.18753281971066596
86,0.4486976873486137
87,0.0873123368588133
88,0.06719440291502761
89,0.22338887750292014
90,0.29031957532056707
91,0.18811703915217315
92,0.18811703915217315
93,0.18240536052895948
94,0.1886671196463565
95,0.021060298903706365
96,0.21844080500589647
97,0.11289840007714379
98,0.08062512252253351
99,0.4080915380868352
100,0.17701562479950067
101,0.18753281971066596
102,0.07941157940803226
103,0.011046382902036784
104,0.21470042113016927
105,0.1858302563180955
106,0.18753281971066596
107,0.12362214902524633
108,0.1877562825415101
109,0.03878391719954444
110,0.5694751714156205
111,0.14768647588829575
112,0.18753281971066596
113,0.20575348423269837
114,0.17337113119331848
115,0.211390619203184
116,0.1331127276104892
117,0.18811703915217315
118,0.24915017141470147
120,0.20016226219910133
121,0.45465842128714945
122,0.18753281971066596
123,0.19638939872405572
124,0.18333283740086526
125,0.7337861352560736
126,0.941761440222942
127,0.18567537751413268
128,0.8720963176356749
129,0.14334796920790213
130,0.1926368873169471
131,0.20016226219910133
132,0.18753281971066596
135,0.1882246355679585
136,0.19974073498092082
137,0.8715531446934358
138,0.15823226544468175
140,0.24795840277066594
141,0.20016226219910133
142,0.20016226219910133
143,0.461891052079591
144,0.18013321762862533
145,0.1890927803676676
146,0.5487210225903306
147,0.14054359586481846
148,0.033065466290029016
149,0.20016226219910133
150,0.5483967537707757
151,0.20344546187129006
152,0.04926565392714527
153,0.188514980768651
154,0.18753281971066596
155,0.188514980768651
156,0.48770232482473685
157,0.20016226219910133
158,0.11645296492608853
159,0.20262068881663503
160,0.27262861678394745
161,0.21751222333505835
162,0.13591484131335962
163,0.31676614463273073
164,0.4425809034839806
167,0.01870420520763095
168,0.18811221311281237
169,0.18811221311281237
170,0.1916757371675049
171,0.2007710327985417
172,0.18811221311281237
173,0.18869781832216428
174,0.18811221311281237
183,0.3253826875694449
184,0.27856048953077095
185,0.005580970929417343
186,0.005045155041754953
187,0.5215015596380227
188,0.14262418957685377
189,0.17731268692409255
190,0.23388587847784242
191,0.05578361028060438
192,0.5576565993680476
193,0.8146813471138935
194,0.05664259597148617
195,0.2755160169350472
196,0.30493441718661946
197,0.9593948712479686
198,0.1634316624350491
200,0.4879490453599824
201,0.19092474773362297
202,0.19437085279733335
205,0.48903173586578086
206,0.4190977982579718
207,0.27844735182425906
208,0.4604008156378511
209,0.4092372661617035
210,0.22162743759269382
212,0.4101558371273381
213,0.15351789619861
214,0.1918801470831594
215,0.43495718372641834
216,0.5250367215823454
217,0.22074809125532868
218,0.4101558371273381
219,0.444889045080509
220,0.21027863274193426
221,0.7809489668267378
222,0.08706558495270075
223,0.14253754752365377
224,0.006759548990270193
225,0.015400601608831164
226,0.18811221311281237
227,0.12323679450872134
228,0.06737986843904115
229,0.12469745661527844
230,0.3148027507966006
232,0.23391657544049882
233,0.008368339587510924
234,0.020491200519356514
235,0.5490574626996658
236,0.037285389092659924
237,0.1023775152181142
238,0.039776738567138994
239,0.016545021942083286
240,0.32150378456780515
241,0.10511807472381908
242,0.2195746556020674
243,0.2936668772607349
244,0.20372448513926733
245,0.2007710327985417
246,0.21599699064698086
247,0.07316205903667788
248,0.14953258676128267
249,0.1937514907571173
250,0.18811221311281237
251,0.5864669210323291
252,0.19037195181003583
253,0.13405759823279065
254,0.08228388340774724
255,0.0002711300959881428
256,0.15406555110025677
257,0.16982460780221265
258,0.13982441554759803
259,0.6256175842692931
260,0.09642364816761369
261,0.11769598019160699
263,0.18869781832216428
264,0.31915364704986293
265,0.023995613109400526
266,0.14026358961093188
267,0.01443012665376416
269,0.23118728252536472
270,0.9053490740084895
272,0.18840242514444605
273,0.15071007154469865
274,0.02560015631952852
275,0.19768579435301512
277,0.19780157328106768
278,0.21701027816248772
279,0.18840242514444605
280,0.00742626451562264
282,0.011400911319320292
283,0.20262987341360103
284,0.12150326165776375
285,0.15461682506456717
286,0.10938724017846752
287,0.6271124062814889
288,0.19834078117586623
289,0.17142139055371217
290,0.16923321678644104
291,0.923578946793151
292,0.32474522233400277
293,0.00350787656397145
294,0.14987897009023726
295,0.10774150830481855
296,0.1493982972550389
297,0.5364333511407532
299,0.0958955321525985
300,0.1892799725206649
301,0.001366261904760394
302,0.19581254479825838
303,0.2749142717675757
304,0.12831899149051193
305,0.1757436251779075
306,0.07014174278724224
307,0.5044178829025487
308,0.020583158415035323
309,0.20211138319151978
310,0.10817816338223914
311,0.2072781905624423
312,0.01637022695876095
313,0.021797226805874155
314,0.1547363488243596
316,0.6375009200333673
317,0.12505751399828713
318,0.011706305401531222
319,0.19845675301415605
320,0.11696189838304123
321,0.31667239138161263
322,0.2024178079856324
323,0.18967979945614044
324,0.10574627648316859
325,0.05951735073071577
327,0.22386838135416945
328,0.6847921066568238
329,0.17131771629714934
330,0.15917822921491745
331,0.26040678864857414
334,0.2021977346139176
335,0.0011755494413884923
336,0.18814148881705767
337,0.2184876899760451
338,0.13694929137197134
339,0.1904911384289032
340,0.19173109170535232
341,0.5317344716335302
342,0.22547635132231286
343,0.191906506183321
344,0.24630744857899456
345,0.16653971840377008
346,0.19586187946274308
347,0.14204202145811162
348,0.17078786281155614
349,0.1475003208489683
350,0.299220019805013
351,0.023477044606431272
352,0.18130721764329344
353,0.2489955852972319
354,0.08383187938294677
356,0.3019546174127251
357,0.244849756095606
358,0.07266145917285854
359,0.20217632156117965
360,0.8256094748491983
361,0.888415977689682
362,0.1897947607314561
363,0.005100507612247937
364,0.19978659005585414
365,0.2681821787443061
366,0.22731688282282728
367,0.011171502974060775
368,0.02130705231190017
369,0.1893606999821383
371,0.9661876432774106
372,0.9575174516574689
373,0.19514874115509906
374,0.1262535698136942
377,0.4287023721643305
380,0.37856928871762524
381,0.9949451829638875
383,0.18740061735339664
386,0.5037065320788449
394,0.21471236608499158
395,0.5179501785510565
396,0.005544776883348732
397,0.19924442849803645
398,0.1296532482693285
399,0.2130807170639173
400,0.1793818482804646
401,0.12518410501569757
402,0.11389782589309114
403,0.18283929576436855
404,0.8038854023421099
405,0.14426586155481097
406,0.2150396619765977
407,0.31934759607228635
408,0.16453580399704698
409,0.15186772660212325
410,0.36755497264025455
411,0.09362038848364614
412,0.6685772829264615
413,0.13907878838808885
414,0.12642170831369468
415,0.19910913349530532
416,0.15747036136256806
417,0.031168713704588593
418,0.6629610205257587
420,0.1954896300273055
421,0.26966804454109844
422,0.10014549138875761
423,0.12007862878097496
424,0.2553351206685129
425,0.12853784153083914
426,0.34963701258331353
427,0.6518040465511745
428,0.25096503472959214
429,0.059363787040832304
430,0.1555003435624259
431,0.22101647989052411
432,0.23630011672649615
433,0.07390923611428368
434,0.1112928336709624
435,0.2036286605696354
436,0.2025366471685348
437,0.09118146541049886
438,0.2430035808148883
439,0.16123829496811543
440,0.014198793810375011
441,0.2195767994700728
442,0.4386939012816667
443,0.25894974241765784
444,0.31434020843268534
445,0.16045133706671721
446,0.12102820668291993
447,0.2776319017050936
448,0.059307339294535945
449,0.2478541093009259
450,0.2528908191085115
451,0.026899466825231606
452,0.4000857208431371
453,0.15052461973203327
454,0.1794223283042866
455,0.9987018631075918
456,0.49281379471862263
457,0.034449762264287226
458,0.32838963107809943
459,0.07282974174986626
460,0.0969141063232905
461,0.005601459159002857
462,0.40693216646678926
463,0.31997038277682427
464,0.021227335990838453
465,0.8937572237300299
466,0.27365090348531756
467,0.34491142057901275
468,0.01407934637493467
472,0.25908767780302067
473,0.022974721330348506
474,0.3062800967706285
475,0.1457215180523646
476,0.1026419167593674
477,0.08979074119477412
478,0.21619143724982515
480,0.16290201539418672
481,0.04256724354527158
482,0.24226895921742223
483,0.23828309671788467
484,0.12057091460513175
485,0.1938457969761704
486,0.1958352283556602
487,0.18506109740698118
488,0.29769067012398187
489,0.012728659314961872
490,0.2131988423687996
491,0.13562489668940977
493,0.035991710320823544
494,0.3000962673522411
495,0.4497704080549572
496,0.048335424367590286
498,0.22776134468160883
499,0.0013640406358493857
500,0.18232853359101542
501,0.801235853622557
502,0.023901723027855724
503,0.20916058208023114
504,0.20457044265393245
505,0.21316328102646895
506,0.1954388733635117
507,0.12228180958100163
508,0.1254791379659492
509,0.4998885286446581
510,0.2209508231869704
511,0.26308431170135316
512,0.9302222723098553
515,0.049180033245089363
516,0.05522986701970834
517,0.0659545610064173
518,0.25418409471310666
519,0.13681072750456724
520,0.11017496762163925
521,0.10854670442339871
522,0.0011808853097383788
523,0.15137384701732362
524,0.10983372724518713
525,0.17647536755730087
526,0.18687024046662887
527,0.0009768666555786069
528,0.3226344946917587
529,0.14123414359949477
530,0.043122331024631526
531,0.10374367842282521
533,0.19266476837144902
534,0.2563312907361034
535,0.9246599284516257
537,0.38517286632144904
541,0.41084691230123316
542,0.18979293975208783
543,0.196176952762649
544,0.8722485640877221
545,0.21949331939244807
546,0.2399729477551656
547,0.37928408443550965
548,0.15068412930344738
549,1.6216842441601588e-05
550,0.2911428444395386
551,0.1572953918876486
552,0.15987099880021444
553,0.21076516479959853
554,0.8038854023421099
555,0.28076987479991183
556,0.1662195346481785
557,0.31257076641595527
558,0.24226895921742223
559,0.20121021692026672
560,0.17138369926929553
561,0.08716070621058544
562,0.011171502974060775
563,0.25711674700004744
564,0.74463290181291
565,0.18367964928521757
566,0.9855060863523365
567,0.18979293975208783
568,0.2024294412946952
569,0.3509348269470679
570,0.12569338347190734
571,0.23552301222502833
572,0.11177132629307623
573,0.20454557617066416
574,0.12774510156362087
575,0.27096762944401626
576,0.24851811196786622
577,0.2625706736317026
578,0.12630424812027857
579,0.00427122652746136
580,0.16962666788873412
581,0.243624668421355
582,0.07849137286815253
583,0.15801188980624162
584,0.10973124427047819
585,0.0140049806024934
587,0.25619818893340907
588,0.0975442529442113
589,0.10610066232077192
590,0.12559178698546777
591,0.05045281546455384
592,0.16545495044321626
594,0.042145250788205184
595,0.19996881519035062
596,0.21419178706150302
597,0.004212558065770743
598,0.1308736188717407
599,0.1980933218811301
600,0.1560334163389807
601,0.29345354516091754
602,0.2068496424277299
603,0.2717455561398878
604,0.1692410544911082
605,0.0202974563736477
606,0.09731166586990697
607,0.23719851344668383
608,0.07304931542244346
609,0.8995527682223722
610,0.14588218561565292
611,0.19259751295045682
612,0.00032433884449166656
613,0.3143350924138014
614,0.16107734723822986
616,0.1569616879280443
617,0.15959093058386922
618,0.014333332041095168
619,0.1984428055750668
620,0.021290599007617084
621,0.22468284110093334
622,0.22982634002223962
623,0.16192568237795782
624,0.3026293422784939
625,0.9947313039212053
626,0.05706476451004643
628,0.20488268424321213
629,0.0288306295448821
630,0.19410960672522626
633,0.03844565394478899
634,0.11715706896311712
635,0.00010029393619122962
636,0.32733352351457623
637,0.2735634355149201
638,0.008725156999329665
639,0.00012034139491314066
640,0.11634956773107828
641,0.3776129099820914
642,0.23033211534038153
649,0.3344699179594097
650,0.2662002550958459
651,2.652721973589935e-05
652,0.2430942875974367
655,0.2537680547700101
657,0.17292397884914135
658,0.006004429439393865
659,0.21631189037301665
660,0.234084017341129
665,0.24529310557751569
669,0.3205982384394299
671,0.9240577425022739
680,0.38959609109549176
682,0.634964651964561
683,0.37542787152605456
684,0.153129560230819
685,0.058549118948728114
686,0.007629695819712349
687,0.14651562114749486
688,0.4746444569562911
689,0.09018593951456326
691,0.18289080587159964
692,0.17037571423433792
693,0.5102967339731308
694,0.15543663175157935
695,0.30863106662135037
696,0.20739345584254712
697,0.2303300159953169
698,0.1651045618614011
699,0.27543539265108763
700,0.1560149787965548
701,0.26073943645967396
702,0.42691583534499195
703,0.002364391010216089
704,0.17437076255898132
705,0.2233420220078453
706,0.1504235611308107
707,0.2315283754416821
708,0.22465855816378671
709,0.12274451410158826
710,0.18337501429447473
711,0.12650682353476858
712,0.10807429796240596
713,0.28565591804596807
714,0.21607993886356622
715,0.13073991927620834
716,0.20309555067139587
717,0.19339409847017003
718,0.021166486256518575
719,0.10741793738825502
720,0.13778187622404126
721,0.1125151329220819
722,0.3083623956594515
723,0.10194956195250031
724,0.12328458567715259
725,0.17125069113123742
726,0.38008581553325815
727,0.20186086609214587
728,0.26717444831327986
729,0.21543925650001125
730,0.18153655943156605
731,0.06586497185755358
732,0.2257758464526586
733,0.46434875720764707
734,0.1965337978008881
735,0.12209063455581846
736,0.2214190090471004
737,0.1288019999925721
738,0.10503822029857303
739,0.05070241027819681
740,0.8316554934529221
741,0.8787160799802168
742,0.17379231630967723
743,0.9654050896203129
744,0.15896142129445306
745,0.27907583407395975
746,0.41551893142672836
747,0.029366687307188707
748,0.004211119739652491
749,0.2549609899669303
750,0.08054974373544516
751,0.05936966990424624
752,0.22077672561687275
753,0.28136144297306354
754,0.7830547078674079
755,0.09108832084272522
756,0.15396010571739363
757,0.015845318806668868
758,0.26466281232572486
759,0.08438775732426389
760,0.08598115633639253
761,0.37542787152605456
763,0.22729244232849585
764,0.1935457351758451
765,0.5379428935549886
766,0.28559063495970366
767,0.3636602084908819
768,0.05712843013720878
769,0.1811506482532199
770,0.45624155003637507
771,0.09577558215140719
772,0.08085391600095376
773,0.03656373388355509
774,0.08050352363099093
775,0.1003438670478738
776,0.23222911302088106
777,0.21352210327543308
778,0.09218985975169726
779,0.08367905392307651
780,0.1255341183535384
781,0.11881862336120887
782,0.1804197928320214
783,0.3194268785811707
784,0.003082207662061725
785,0.13891730922816353
786,0.05746254221499891
787,0.40167608758539275
788,0.010921224714307428
789,0.1762163372437598
790,5.968890374238261e-05
791,0.2524801725760699
792,0.37536936819458955
793,0.040391767069024934
794,0.46899793653249455
795,0.015790112313254313
796,0.22830819159752141
797,0.20242598364221173
798,0.6063108758347201
799,0.2590941001041788
800,0.17317167394860233
801,0.01026089054099164
802,0.4901179867303579
803,0.028399102574160087
804,0.026579425327802553
805,0.9852204460042352
806,0.9975028951403764
807,0.27082619930554597
808,0.9384938062752944
809,0.17108440458301902
810,0.2348332697135491
811,0.1198274597014257
812,0.12942326499221263
813,0.08542050331667142
814,0.12109670926708349
815,0.25763375209552286
816,0.18505309162365985
817,0.9270287029149151
818,0.32717360301061343
819,0.19005400159593758
820,0.3175215159187002
821,0.10880319022589262
822,0.2900248234655304
823,0.2790307466081747
824,0.18935499590089017
825,0.23682334147191808
826,0.12867881959966404
827,0.17005390646808902
829,0.14080293495463456
830,0.5360765565695994
831,0.2973040743741046
832,0.15684654121873995
833,0.2617333325963521
834,0.13950821188539342
835,0.3791394150645844
836,0.9992893682529365
837,0.22098737461464468
838,0.11681970373220457
839,0.06470430996894877
840,0.08234447029318094
841,0.2303300159953169
843,0.18549726679537726
844,0.09246338339210383
845,0.0575431581881317
846,0.28692110134278664
847,0.2551582237688025
848,0.2551582237688025
849,0.1715046501893891
850,0.2856221770571906
851,0.012270651838652618
852,0.004989441667137364
853,0.32788776236903117
854,0.011878644819329553
855,0.0013886270582918923
856,0.16662466019913136
857,0.025830659258989686
858,0.20604210951739535
859,0.023618460235920426
860,0.09649576275581119
861,0.06681067870389493
862,0.3742042488317005
863,0.12440832150458192
864,0.39387991233561076
865,0.26368880132848477
866,0.3466462730830988
867,0.1770550343124724
868,0.04536062612314566
870,0.3284443502771441
871,0.04070875589767879
872,0.21159799242511382
873,0.9930136765079511
874,0.10102874205034347
875,0.14987973423736142
876,0.018637156312543306
877,0.3036725121248465
878,4.790338682518192e-05
879,0.26473206820829753
880,0.21631189037301665
881,0.1430921871580222
882,0.6431708275149939
883,0.25843187083427654
884,0.06911656576548407
885,0.001951846283393507
886,0.14263058987066088
887,3.804419706847085e-07
888,0.1578519213213263
889,0.04257233336624879
891,0.22100154115455528
892,0.2186554796593374
893,0.10233336866190798
894,0.16957819990146195
895,0.1559896001849838
896,0.38697012086656557
897,0.10739667703960157
900,0.1362209410721321
901,0.020023227123781677
902,0.05705278583295681
903,0.05562109821288559
904,0.02726153668973673
905,0.6882319441552929
906,0.15569445999261572
907,0.18533818210303948
908,0.40210971693704406
909,0.0005612186430220853
910,0.09299159295509532
911,0.13506030280291184
913,0.3376833403838274
914,0.21265015292929657
915,0.18827225966250935
916,0.22158808062358848
917,0.30374037638589785
918,0.8681824446986202
919,0.039855696028852194
920,0.06267904158884201
921,0.3171266785859567
922,0.2303300159953169
923,0.09460562089246981
924,0.04662774444378675
925,0.15524902147225825
926,0.3784389017321694
927,0.1523210092089575
929,0.030257969763578932
930,0.029166069829305752
931,0.15572569646791293
932,0.9536446805759767
933,0.1854872991497749
934,0.1777584523648555
935,0.1777584523648555
936,0.1777584523648555
937,0.1777584523648555
938,0.1777584523648555
939,0.1777584523648555
940,0.1777584523648555
941,0.10782379614600843
942,0.18628817083254653
943,0.10868361036462368
944,0.12370891769678392
945,0.2796275051431581
946,0.12599935019177222
947,0.15353862199699697
948,0.20364631123282106
949,0.054387889955552916
950,0.19287191672412615
951,0.16440763133125
952,0.09523629678067919
953,0.07476193988086051
954,0.011600074309751417
955,0.1724531969550091
956,0.06700546469327287
957,0.2170456437503719
958,0.2573701468005169
959,0.057185626511947835
960,0.9724244799660703
961,0.0005685753117086386
962,0.07411651796880939
963,0.0862686855044402
964,0.00762889197391235
965,0.0538147480135077
966,0.00171468621220599
967,0.01013936784594644
968,0.01894299095225489
969,0.01926808198756277
970,0.012172084291025302
971,0.37755659585579837
972,8.19826063588573e-05
973,0.0009747241629532238
974,0.2832406306537587
975,0.0029856096834884006
976,0.004061791673934477
977,0.012154329493018408
978,0.13342398004701064
982,0.25722676452506754
983,0.23206996004655753
985,0.2188501650281794
986,0.217821129838221
987,0.3364664580053836
988,0.21850637283743732
989,0.2178531001817495
990,0.22098722834045573
991,0.22098722834045573
993,0.9590199504008761
994,0.15692166912949904
995,0.22237114258118815
996,0.23194154399677064
997,0.21850637283743732
998,0.22098722834045573
999,0.2178531001817495
1000,0.23194154399677064
1002,0.39506642060695996
1004,0.2178531001817495
1005,0.22098722834045573
1006,0.21850637283743732
1007,0.2178531001817495
1008,0.1808968774235926
1009,0.23194154399677064
1010,0.23194154399677064
1011,0.6629470225653332
1016,0.7100601849159728
1021,0.17510310154689343
1022,0.23194154399677064
1023,0.23194154399677064
1024,0.21850637283743732
1025,0.250183684259451
1026,0.2508751078395367
1027,0.18554526209074076
1028,0.2873574207308646
1029,0.04331875763297777
1030,0.2502782480303679
1031,0.23772087030854386
1032,0.014857480843854246
1033,0.22152975224188537
1034,0.0685363482681511
1035,0.12426808259202611
1036,6.606446446142002e-05
1037,0.3901238227763283
1038,0.2283547010383951
1039,0.061057015541982146
1040,0.20174934010384699
1041,0.12797639957467422
1042,0.23194154399677064
1043,0.012648445091415663
1044,0.535872789286743
1045,0.2712078712663763
1046,0.26572933712542623
1047,0.25403215123789674
1048,0.4107067654372643
1049,0.032022488885237343
1050,0.01581304065694605
1051,0.09226975584331448
1052,0.22490393310659232
1053,0.17352507292190467
1054,0.06076238346155536
1055,0.07529417156434717
1056,0.16265661982240176
1057,0.18707076904757178
1058,0.11940224982773041
1059,0.10870988682296903
1060,0.05956153312107027
1061,0.08404355565161449
1062,0.08685915028352732
1063,0.14305413854100887
1064,0.11516229918281023
1065,0.01013936784594644
1066,0.22098722834045573
1067,0.2961425998726781
1068,0.08122390980558075
1069,0.04294349072805062
1070,0.11710349520496595
1071,0.6442107393817061
1072,0.1350968144940431
1073,9.93345428542669e-05
1074,0.18896240792948507
1075,0.1187291376619929
1077,0.2311347977186867
1078,0.23129019264239928
1079,0.17100798729855493
1080,0.006281668358866414
1081,0.8075459820876932
1082,0.10758192261670552
1083,0.06150378340204175
1084,0.29955365242934007
1085,0.08490915566267175
1086,0.5560461621734146
1087,0.6066980970527751
1088,0.07658409551337346
1089,0.0905911229545486
1090,0.14522729178600804
1091,0.22116496545856998
1092,0.06214858360965642
1093,0.02200506025515052
1094,0.2907483768049599
1095,0.40707919055465686
1096,0.14223351900178113
1097,0.24060595948064972
1098,0.1846895492285753
1100,0.008232897585209249
1101,4.376889469417339e-05
1102,0.13598056083126128
1103,0.14403232908739882
1104,0.30401474377688675
1105,0.2199285118542823
1106,0.22090772192871658
1107,0.3547164497616543
1108,0.01832041641363235
1109,0.21984119547300046
1110,0.9979415694682612
1111,0.29233386301354625
1112,0.9706756154959827
1113,0.23100403920214868
1114,0.39681850199077595
1115,0.21760778709777379
1116,0.10895547477076133
1117,0.0975616448857505
1118,0.17235823747068238
1119,0.13697065674809356
1120,0.021808571498056394
1121,0.21169434340786195
1122,0.23100403920214868
1124,0.16978576466728282
1125,0.21357743569012547
1126,0.7157984537872305
1127,0.19492959491719244
1128,0.21206868015949576
1129,0.1395892481343554
1130,0.21760778709777379
1131,0.05311892521968687
1132,0.15248495990129157
1133,0.0015956549667132437
1134,0.09657987979303849
1135,0.954049106868015
1136,0.22008131345472634
1137,0.22085127452349648
1138,0.006194664260889982
1139,0.08805438992707512
1140,0.24994328760235512
1142,0.2266684939124283
1143,0.17672694347094162
1144,0.17755357094193594
1145,0.0007474376508524996
1146,0.00017517645830607083
1147,0.14659078627485903
1148,0.18041492797669897
1149,0.9931994286187241
1150,0.033796738032472635
1151,0.22693984360110744
1152,0.1940528116629364
1153,0.2938065823429003
1154,0.01359127344328603
1155,0.1483050869465108
1156,0.150581898049512
1157,0.21695645513579007
1158,0.37631889542156194
1159,0.23391221764169298
1160,0.32332659374530615
1161,0.023061834878736687
1162,0.010895418478359592
1163,0.042940263484174075
1165,0.2815443711044863
1166,0.40426505485008296
1168,0.28231248590647506
1170,0.9910151517381971
1171,0.2219983173808034
1172,0.2990655741994535
1173,0.07405939300946872
1174,0.18746476130789924
1175,0.24695495480366078
1176,0.11633681083131449
1177,0.679851737973418
1178,0.7713663161691213
1179,0.21213891226195003
1180,0.40273340617399167
1181,0.014704924335675659
1182,0.05779886076266509
1183,0.22199338099693847
1184,0.2166339993223336
1185,0.11098741269654896
1186,0.23465359885135778
1187,0.2112791354204422
1188,0.23066685522155808
1189,0.0004250342725550475
1190,0.15934870186013605
1191,0.2304734571222638
1192,0.1131286762134553
1193,0.06063568162247568
1194,0.05146689568557084
1195,0.22445125458101411
1196,0.2632795505348581
1197,0.18452258774348632
1198,0.1511845810719096
1201,0.2161544523985659
1202,0.2876723040539642
1203,0.1443257134113463
1204,0.7433475105539078
1205,0.2171766769318345
1206,0.14489965311480282
1207,0.00026739914227881225
1208,0.015771280520444825
1209,0.1512690934838448
1210,0.08632651893717068
1211,0.16300585324732494
1212,0.2188139348527427
1213,0.19200521502334567
1214,0.14056183824242827
1215,0.12142454417892015
1216,0.24805691399630364
1217,0.1605997977266362
1218,0.2763782077212273
1219,0.0155068849369984
1220,0.3249869489739277
1221,0.22955812390770314
1222,0.10696252395615155
1223,0.12277115593188923
1224,0.3074326104130799
1225,0.11805346539295308
1226,0.31821228455331974
1227,0.1959206436686953
1228,0.07170866475800772
1229,0.07027452305740296
1230,0.2431218310285519
1231,0.22948957178797322
1232,0.02106811672912584
1233,0.10296204411805843
1234,0.13363943651897878
1235,0.23554995040499133
1236,0.07495331688122364
1237,0.18625037247418688
1238,0.22832762487176028
1239,0.23249482618973583
1240,0.2555982788450339
1241,0.20573426884984936
1242,0.28627256010069735
1243,0.23368583046068955
1244,0.15935436420015164
1245,0.39598892765608873
1246,0.22237377531049285
1247,0.18177358896898685
1248,0.22915870049189566
1249,0.24937515596021398
1250,0.30141545576313933
1251,0.0705056666301009
1252,0.255323850549186
1253,0.16441484063586334
1254,0.15390666086841054
1255,0.17824673503223318
1256,0.26331324875675255
1257,0.03880049347908918
1258,0.07639283627927006
1259,0.14981642242552484
1260,0.19472915400765387
1261,0.4887853080207696
1262,0.10314288988635828
1263,0.15210955571975315
1264,0.12644125236568016
1265,0.0006138695509050457
1266,0.1673222272919272
1267,0.2548737272552563
1268,0.2952841193190858
1269,0.2255963546324285
1270,0.246921362100447
1271,0.113177976557642
1272,0.1518377025499496
1273,0.0003346886599591522
1274,0.6070132761504852
1275,0.09587857213708381
1276,0.8993936875085577
1277,0.061259972090488855
1278,0.21637579648992375
1279,0.27384336637756557
1280,0.41401593393500696
1281,0.2575143851307953
1282,0.8067070212689653
1283,0.12298071042494688
1284,0.09888003901999907
1285,0.2254844340993899
1286,0.11618770401769006
1287,0.4437593348722769
1288,0.014269997605812995
1289,0.07992455362593755
1290,0.09065682404166364
1291,0.1439814108513169
1292,0.06688182734409383
1294,0.22812033161528478
1295,0.25884195321477416
1296,0.008189376227510814
1297,0.05064222499408305
1298,0.6246456959593065
1299,0.3152303688854556
1300,0.24519930401782522
1301,0.00017550939157283133
1302,0.22523301992720032
1303,0.09944338592274367
1304,0.2786129212541379
1305,0.2537749367267286
1306,0.0410510590662449
1307,0.08844855629062333
1308,0.18581625317600725
1309,0.07766401058591703
1310,0.1827991455920591
1311,0.10912811750181389
1312,0.1642323384000581
1313,0.21912149330442093
1314,0.008968505864818907
1315,0.014683902087572576
1316,0.288160246814487
1317,0.2579708887707456
1318,0.039428402050736965
1319,0.09197711545467858
1320,0.21239262521690322
1321,0.08033820734741039
1322,0.20521938185879357
1323,0.19486811071624574
1324,0.1830646836162183
1325,0.08656134612872401
1326,0.4656806914453916
1327,0.12949122561760096
1329,0.2179907713802839
1330,0.35066935605213745
1331,0.04492289313345849
1332,0.0319188401414761
1333,0.2179620666074285
1334,0.05647698519128633
1335,0.006934429825401056
1336,0.14964198615943283
1337,0.41405879424517567
1338,0.6649616400482274
1339,0.32454908348544637
1340,0.1734847098914729
1341,0.1468220800619543
1342,0.33284113143927047
1343,0.12502868376255055
1344,0.3388157045921584
1346,0.06449967173544885
1347,0.14182481704907868
1349,0.19356823439902743
1350,0.26827277558532436
1351,0.21288907135771298
1352,0.9898452730270131
1353,0.1647107500454865
1354,0.16956978767191802
1355,0.001823419120976856
1356,0.2632921700176886
1357,0.8933193166630004
1358,1.9053564685570244e-05
1359,0.15948070239614612
1360,0.3545597795857534
1361,0.17964348192020868
1362,0.1458834086652167
1363,0.32231056216621373
1364,0.17986629396509266
1365,0.18497317069442057
1366,0.02556392686912048
1367,0.07292169268689523
1368,0.15414292625207499
1369,0.2155062722809689
1370,0.2161544523985659
1371,3.0156753222331983e-05
1372,0.2155062722809689
1373,0.22948747783251622
1374,0.2155062722809689
1375,0.87122540566807
1376,0.9247622814130617
1377,0.49404912328515627
1378,0.9718547708694669
1379,0.22895934195365855
1380,0.07007231119669127
1381,0.05105076315348656
1382,0.21502696836473537
1383,0.19297603051895745
1384,0.20595770957680773
1385,0.004903147412155104
1386,0.1832006118719552
1388,0.17316882231905054
1389,0.1282078854381574
1390,0.044084673630635896
1392,0.15571633053248138
1393,7.929983051209742e-06
1394,0.27206612167943917
1395,0.18283956389392414
1396,0.24351434612786593
1397,0.009407650169489488
1398,0.315370730691328
1399,0.17543018430447668
1400,0.05106531123019609
1401,0.15830789532825262
1402,0.21518537952288055
1403,0.18743339876663767
1404,0.04519478407694281
1405,0.014363952593448255
1406,0.2475891892576877
1407,0.22633080896904845
1408,0.0003943539435734356
1409,0.19923951826098493
1410,0.993178858747145
1411,0.6054590773067106
1412,0.17910111368989917
1413,0.1266546581197408
1414,0.2477299691685352
1415,0.03012911546104836
1416,0.4684810132855906
1417,0.20945377829146672
1418,0.1769289737950853
1419,0.9997581590171896
1420,0.3245704836253424
1421,0.12491220242710395
1422,0.6465273197808601
1423,0.1962202373168669
1424,0.5388065852426415
1425,0.04425229355639844
1426,0.017064820776958544
1427,0.2571270639356578
1428,0.2728495466203133
1429,0.25451323335143394
1430,0.15102616670754337
1431,0.1716273307182177
1432,0.6416413887837934
1433,0.12394230402587969
1434,0.4883107849600457
1435,0.0005995535235613611
1436,0.04813062191908867
1437,1.7202280010592363e-07
1438,2.5346904801183596e-06
1439,0.21518537952288055
1440,0.057356312897439775
1441,0.22930426839877327
1442,0.07038131205007263
1443,0.06024665487357598
1444,0.00017506393817927736
1445,0.24957752089382448
1446,0.16401136082266174
1447,0.22915184785423529
1448,0.279622428449662
1449,0.1591001257890569
1450,0.2321561231187051
1451,0.11785588165414757
1452,0.16415410514779888
1453,0.0804871102981968
1454,0.18149130449249426
1455,0.03872972894092755
1456,0.22882340855824107
1457,0.1944315311020069
1458,0.029585390046607155
1459,0.1129875074365112
1460,0.00687728590552274
1461,0.008411883395832091
1462,0.21370514139718885
1463,0.02546948300759594
1464,0.32678269858864223
1465,0.20569729829390693
1466,0.014102034034387262
1467,0.18140202812143152
1468,0.2539507072233679
1469,0.34321591804606555
1470,0.03216814353443996
1471,0.18973324389837617
1473,0.4237676267839552
1474,0.035498715018385224
1475,0.09065312567800758
1476,0.0010550008180615377
1477,0.19787218678170435
1478,0.29276324445580876
1479,0.010915178519905134
1480,0.12394230402587969
1481,0.24449703075436982
1482,0.21829184001633842
1483,0.33222597339475374
1485,0.003908837325318394
1486,0.016706512560692586
1487,0.19878542075522998
1488,0.2514877653767638
1490,0.1784698317275581
1491,0.28361021500716926
1492,0.2764574021952886
1493,0.1018661285725435
1494,0.090315821842457
1495,0.05623278084769321
1496,0.016270228594727886
1497,0.1790586065485787
1498,0.19518878108956045
1499,0.09016128055168848
1500,0.1952818641884824
1501,0.35777867686777304
1502,0.22994532592485403
1503,0.08065996922868461
1505,0.04090790684331627
1506,0.23892839785499626
1507,0.193119427694567
1508,0.007426979758166101
1509,0.09397247737680284
1510,0.21797609237257184
1511,0.1885410898643408
1512,0.14286985295991592
1513,0.21509308426138113
1514,0.2561107206455301
1515,0.7011172974919186
1516,0.23064028438094347
1517,0.215485921780726
1518,0.10833234892862431
1519,0.0007388847406153137
1521,0.17710872647461962
1522,0.31421010445535746
1523,0.06231828469772958
1524,0.09540888278206157
1525,0.29075962887300155
1526,0.2032336726362743
1527,0.3879764046886865
1528,0.06120733370588926
1529,0.06121742207299685
1530,0.014770177631068686
1531,0.1098872102594149
1532,0.0030741897366299412
1533,0.12031500141306058
1534,0.2010148423081214
1535,0.24728353328475225
1536,0.05364786921173902
1537,0.2954976954801881
1538,0.011798549977203872
1539,0.16391911232833867
1540,0.21582751196950237
1541,0.22982345283247488
1542,0.14164218242356189
1543,0.08593779497985701
1544,0.19500660787036875
1545,0.15571217629419898
1546,0.1432793010102522
1547,0.050462594502670745
1548,0.04937937753166181
1549,0.01626911880672621
1550,0.5977224611018142
1551,0.14184022913329922
1552,0.22349886619197626
1553,0.015073755750286223
1554,0.012701956273804
1555,0.9940848706041223
1556,0.19006792601897937
1557,0.07282439715049968
1558,0.2169182960768381
1560,0.19904522544271672
1561,0.3237546471355737
1562,0.05460880018294069
1563,0.21209866638848676
1564,0.034572087722097335
1565,0.004316984090260849
1566,0.3762661756737909
1567,0.09236873512887488
1568,0.3579705070102197
1569,0.12785232534141489
1570,0.18517185208379588
1571,0.32462846494662567
1574,0.17393912499230815
1575,0.16624400328666983
1579,5.616994046753994e-06
1580,0.24289135925877137
1582,0.14137857741008517
1583,0.21014706535320934
1584,0.7510768559575858
1585,0.19585140022288375
1586,0.36631075886105313
1587,0.18592568943382207
1588,0.14843873893284898
1589,0.0027456660480387374
1590,0.005915860389059581
1592,0.09157212311481049
1593,0.04310300829916094
1594,0.16513521583154164
1595,0.19799217873686697
1596,0.18567461381984518
1597,0.15833809902355275
1598,0.3240571221459025
1599,0.19554350195163833
1600,0.05225371581056137
1601,0.0030324716150129643
1602,0.01134044029526215
1603,0.04315949365837817
1604,0.15954399853803697
1605,0.036706956878401836
1606,0.0034779809351676706
1607,0.02896397970391337
1608,0.02686242270422351
1609,0.14484185304724573
1610,0.16921584759118213
1611,0.00023512705497516292
1612,0.17378254543925017
1614,0.1922354390617362
1615,0.1980222151869995
1616,0.0002626890567751883
1617,0.07723767804609552
1618,0.14832366399683622
1619,0.23426032584103898
1620,0.14397610069063632
1621,0.008897208072661224
1622,0.14870518434434768
1623,0.08631301914367467
1624,0.0060614467126184615
1625,7.710221253143654e-05
1626,0.17558183974477765
1627,0.07516960171130366
1628,0.16602123882394154
1629,0.0797923403024215
1630,0.09726867543710549
1631,0.06435976625193912
1632,0.21219728732837395
1633,0.17393912499230815
1634,0.10601525716556494
1635,0.48822610276733547
1636,0.009438297290908294
1637,0.17393912499230815
1638,0.2457351836816702
1639,0.06093175262953235
1640,0.17393912499230815
1641,0.2882210225624472
1642,0.0004387832852062519
1643,0.1515403169807545
1644,0.17543899621033912
1645,0.004856251239495048
1646,0.06807239097939065
1647,0.12261717329457944
1648,0.3518245779920734
1649,0.1739401634892819
1650,0.019424421442657415
1651,0.34585484254694115
1652,0.11241755353931178
1653,0.17393912499230815
1654,0.11131594331659785
1655,0.17393912499230815
1656,0.17638517240373702
1657,0.17393912499230815
1658,0.17393912499230815
1659,0.17393912499230815
1660,0.08275893293997963
1661,0.004881123866879573
1662,0.28066310494124697
1663,0.2513062082103739
1664,6.068182161786331e-05
1665,0.023001216608494565
1666,0.12212113391541758
1667,0.027746559217680235
1668,0.19510525582476826
1669,0.010030036324660674
1670,0.10159631633954762
1671,0.194268701607499
1672,0.1906606210152403
1673,0.10597420186119998
1674,0.0038726060588953246
1675,0.00992348765426332
1676,0.9151595710310693
1677,0.8108281933801806
1678,0.01044416837151133
1679,0.040830699233370564
1680,0.6592948631733684
1681,0.5591316901097009
1682,0.2753049881241352
1683,0.2972317911724021
1685,0.21664850315542888
1686,0.0024214258701789884
1687,0.26469269334936196
1688,0.20555502536882939
1689,0.31278477932248144
1690,0.010126615758830889
1691,0.024427226412609644
1692,0.05099020074093765
1693,2.016964584176683e-05
1694,0.6299097786365865
1695,0.11337065211233739
1696,0.47504290465286547
1697,0.14085913834685224
1698,0.017530852239918196
1699,0.4518396676369795
1700,0.05679948455685687
1701,0.10179498841316034
1702,0.021723204038214552
1703,0.44093961177832136
1704,0.17393912499230815
1705,0.022214996058804424
1706,0.0007509047016539325
1707,0.16667736533268745
1708,0.1655200351185316
1709,0.17032166727940898
1710,0.036420566459638454
1711,0.043155978226286834
1712,0.91270996279682
1713,0.3697212273006749
1714,0.10483108311720803
1715,0.5967040794451736
1716,0.053339630580852886
1717,0.9227643246503817
1718,0.002264138001586259
1719,0.1708680058437752
1720,0.25636000113824525
1721,0.30727923366278487
1722,0.20870617307392753
1723,0.05280844982875351
1724,0.12446222924533752
1725,0.06221470487795891
1726,0.13498594132378894
1727,0.16609817898392742
1728,0.0006484537419156546
1730,0.16689138528130182
1731,0.16324624046704397
1732,0.06839919081880497
1733,0.06599477353177242
1734,0.04010610606195582
1735,0.009428231758786517
1736,0.1655200351185316
1737,0.17459156944472734
1738,0.04696797381084104
1739,0.1502173763725166
1740,0.056275849585705376
1741,0.0002638825081378752
1742,0.1436148759125574
1743,0.059576393169235124
1744,0.31731896823028866
1745,0.9999999862003832
1746,0.08561048315387977
1747,0.0006554786885161458
1748,0.022727299145646106
1749,0.967382085734791
1750,0.1314402368730592
1751,0.3546984764476199
1752,0.22526658763381527
1753,0.17524594202248
1754,0.862150097312186
1755,0.08097834333043584
1757,0.3674356830594865
1758,0.00851221722557748
1759,0.25538965240241024
1760,0.2991294847690943
1761,0.02033139471106988
1762,0.1759022445291135
1763,0.16448871801708811
1764,0.18010256929506135
1765,0.06800923270736399
1766,0.16848901889319354
1767,0.10188884889295145
1768,0.011211047982287793
1770,0.18024573915145228
1771,0.06214642520591963
1772,0.014501735881915155
1773,0.11936232343115587
1774,0.17710069850517118
1775,0.2045350818751832
1776,0.18634550835016764
1777,0.10873078159083938
1778,0.041555674375921385
1779,0.3218835265775869
1780,0.16448294758739462
1781,0.17986657804166267
1782,0.2834174748897188
1783,0.21158141168901276
1784,0.0566374477065934
1785,0.01631797091271663
1786,0.16408151677191601
1788,0.16501572904738704
1789,0.08830082687450147
1790,0.1692255931626507
1792,0.0025914620091959987
1793,0.18958046851029287
1794,0.004644627843336224
1795,0.1924089568366296
1796,0.18228808160250937
1797,0.24333779012951015
1798,0.17019041120887649
1799,0.11244625779329481
1800,0.24064395673052863
1801,0.15338704346741094
1802,0.21322381539827764
1803,0.0002436708303883738
1804,0.0021910874809717464
1805,1.4892260511969354e-06
1806,0.05579607627415129
1807,0.0001427880284641765
1808,0.25318524335368336
1809,0.17406382615200414
1810,0.17736749631887333
1812,0.07889867584864983
1813,0.04261663761510611
1814,0.16118807793532214
1815,0.23297957989580206
1816,0.16501572904738704
1817,0.06190651910406008
1818,0.04019652858666294
1819,0.0026533922682924664
1820,0.16015927992480627
1821,0.06172319946070125
1822,0.038875639573585564
1824,0.16501572904738704
1825,0.015909596863144505
1826,0.02982491797882925
1827,0.18442440056348813
1828,0.1681155416865607
1829,0.15043446903978602
1830,0.10964441785262236
1831,0.49946991311838523
1832,0.22998705763017752
1836,0.3451996774843556
1838,0.16588663687937072
1839,0.24598985744585664
1841,0.01907914743759288
1842,0.1683748746125843
1843,0.11517437595263925
1845,0.025639735459580953
1846,0.1687912154364681
1847,0.08854265148187714
1848,0.1194767663332628
1849,0.18190677312018408
1850,0.280736087945087
1851,0.0959210235631445
1852,0.33954511447807584
1853,0.21650851729132717
1854,0.4997822278584075
1855,0.1750449956549002
1856,0.22727930069891367
1857,0.20607499872682522
1858,0.6321788510979359
1859,0.20047474096903234
1860,0.09570934843264291
1861,0.2475805561105819
1862,0.08098996137135665
1863,0.4643463780755846
1864,0.1646945619422213
1865,0.12408807101170205
1866,0.6127582605484715
1867,0.17788613896427413
1868,0.20489483303016814
1869,0.0931950109252455
1870,0.22446889859082408
1871,0.8637294881170227
1872,0.0022847159731471016
1873,0.0024545065649267147
1874,0.0024777928316313523
1875,0.08379736276420098
1876,0.5357959635958374
1877,0.06785584511795129
1878,0.18088378386278622
1879,0.23983384593396984
1880,0.13587188725702465
1881,0.3173284499562937
1882,0.03811630211607664
1883,0.051071555161271445
1884,0.5059207232977723
1885,0.048891469528420134
1886,0.00652311477459812
1887,0.06614497753787556
1888,0.6893662702560246
1889,0.041482578115516665
1890,0.1638665324339208
1893,0.17524594202248
1894,0.13087740436313788
1895,0.17940394532267565
1897,0.16383830240242755
1898,0.0811197876357212
1899,0.10027888696026767
1900,0.02901111504786309
1902,0.00013500320380811038
1903,0.012969176573415526
1904,0.000516657044515579
1905,0.23006307222413008
1906,0.050719783514542136
1908,0.29989936644359527
1909,0.19690970025297558
1910,0.04470976634435335
1911,0.014378270397635147
1912,0.22575798392082258
1913,0.05748825481960161
1915,0.18792388470809754
1916,0.17486712369546914
1917,0.0710749460909881
1918,0.16819024024541046
1919,0.09711561093722587
1920,0.1774828976663531
1921,0.008866527563686529
1922,0.2233362654332496
1923,0.028509211384196303
1924,8.596634716959793e-05
1925,0.025663709798488882
1926,0.22954624132127874
1927,0.1723347503127221
1928,0.401968954233112
1929,0.1743408059514022
1930,0.2252922021558209
1931,0.03159357864767542
1932,0.18414275520782156
1933,0.1504051983523807
1935,0.09738664937862687
1936,0.117174482660063
1937,0.6402367793373489
1938,0.3384950192341888
1939,0.20379620729922365
1940,0.15249429019123964
1941,0.06370950062626657
1942,0.01602418163259202
1943,0.14416039622846868
1944,0.18738811314521442
1945,0.10944793204412494
1946,0.06204378609561377
1947,0.13502678263912746
1948,0.5713769348123295
1949,0.18264745767911822
1952,0.13296202857140338
1953,0.06249247468723933
1954,0.09785868451611167
1955,0.000956871662235381
1956,0.022530201898488575
1957,0.4249279129152639
1958,0.015713774728239822
1960,0.03450257896012582
1961,0.13641988655269702
1962,0.5689163014007927
1963,0.10090397962567844
1964,0.9886822210544208
1965,0.01691614274146685
1966,0.20213542004093837
1967,0.18806285545625057
1968,0.19183285073179465
1970,0.95261682346835
1971,0.17001677017536806
1972,0.1426263833808388
1973,0.1525761543018602
1974,0.07057268998128574
1975,3.641338434115189e-06
1976,0.22596826268010467
1977,0.15282737507880903
1978,0.1656680929859352
1980,0.3416922270014533
1981,0.012447357902336715
1984,0.010586634000859633
1986,0.127427890137948
1987,0.10452184421653944
1988,0.1606480566463986
1989,0.21210733317981093
1990,0.05069690139813854
1991,0.025543944113879623
1992,0.109128969378238
1993,0.12457174205326246
1994,0.1927172801356815
1995,0.17665060531307297
1996,0.21215056476368643
1997,0.10124787042294149
1998,0.2557760376462088
1999,0.013087452665653006
2000,0.07591201399828255
2001,0.0007750484382836141
2002,0.3238703011970164
2003,0.049644269409875236
2004,0.09466959979240998
2005,0.12257831959523614
2006,0.004204543394196236
2007,0.030114816014210004
2008,0.149462249505437
2010,0.12558658269570808
2011,0.071687700101657
2012,0.059056984781257864
2013,0.05372806164997427
2014,0.4157882062641268
2015,0.599882832131811
2016,0.005889463595303375
2017,0.140723939617827
2018,0.08203015164796715
2019,0.001616349820371216
2020,0.3749898428299266
2021,0.0024448933232006148
2022,0.052718723412259375
2023,0.1445714355939444
2024,0.016474811036662672
2025,0.0007738660182674071
2026,0.0029261984810740756
2027,0.005022494151015063
2028,0.07594371728452487
2029,0.23122067344983982
2030,0.007092839909945258
2031,0.00286931203959661
2032,0.15033264279342615
2033,0.003748411633164898
2034,0.0018197194215638897
2035,0.14953847229842548
2036,0.15084459311908432
2037,0.15888880648435252
2038,0.12691503021499234
2039,0.05306385370148577
2040,0.19276869112215606
2041,0.09012347285180512
2042,0.18199301557756847
2043,0.10945010121893894
2044,0.1255200579139229
2045,0.13986201357405947
2046,0.20326616883601809
2047,0.007267139336575223
2048,0.24200915794221725
2049,0.05546408358514387
2050,0.1459356423188158
2051,0.08778402408947586
2052,0.005489609640970592
2053,0.05487264135536554
2054,0.02259779962027278
2055,0.19841520990923908
2056,0.21463745210059587
2057,0.0002436618928315385
2058,0.8576782884490158
2059,0.053081702841404246
2060,0.16784095635925983
2061,0.022004793460824696
2062,0.15541326261871358
2063,0.9463161633064073
2064,0.14222488333250763
2065,0.1565505345681242
2066,0.5166072710155752
2067,0.11090759129106595
2068,0.00587014761627439
2069,0.15216077604845318
2070,0.1286122038747225
2071,0.061066766352524886
2072,0.00026529662545276845
2073,0.08577282170227277
2074,0.01614985292927815
2075,0.06938315147447781
2076,0.3645316957501383
2077,0.13447175964074046
2078,0.25967948168249655
2079,0.11529474456089356
2080,0.06138279196644734
2081,0.27025787474773694
2082,0.1129373005152224
2083,0.20164148772832619
2084,0.17464574809773212
2085,0.05045299781855389
2086,0.051927242283469566
2087,0.0004939675852343641
2088,0.1531100591133871
2089,0.027914434596482886
2090,0.10705686604623288
2091,0.5687501622732416
2092,0.19093138578806335
2093,0.08808839719512057
2094,0.36705058007040586
2095,0.009645109121702897
2096,0.20344782469290545
2097,0.10481225301913027
2098,0.16658962048538017
2099,0.0017887490563794298
2100,0.00012018873333366278
2101,0.01367276810195616
2102,0.41251451895691327
2103,0.027513053789649106
2104,0.3043574529732355
2105,0.15265472738519076
2106,0.14702213631662928
2107,0.1148243754447433
2108,0.15645115255313338
2109,0.10144962419364259
2110,0.12402896070619956
2111,0.03496691263479697
2112,0.006572918993180614
2113,0.0654475983721836
2114,0.10981210873211839
2115,0.03267354354021239
2116,0.20387392479069547
2117,0.3091530808476068
2118,0.12948995321495077
2119,0.005380345110627516
2120,0.024473088413247798
2121,0.5312455911591172
2122,0.11443976867110779
2123,0.12324174128224694
2124,0.19981491889378789
2125,0.156558151970295
2126,0.16978506292688136
2127,0.11781914961016589
2128,0.2573704217756888
2129,0.11387362197436608
2130,0.004059675180689608
2131,0.2760189562876915
2132,0.25967948168249655
2133,0.07706117592943959
2134,0.12010535769886736
2135,0.07364539986766787
2136,0.06746844024175944
2137,0.13959822525098453
2138,0.03746710544793048
2139,0.0149104024539856
2140,0.1304278307740734
2141,0.039874337052393995
2142,0.03684845784324873
2143,0.1431464937678437
2144,0.10283690330918355
2145,0.1570756426963074
2146,0.2721359625067444
2147,0.054742073214754966
2148,0.0160175702959148
2149,0.18992647184456987
2150,0.1633963497226941
2151,0.029074136751670865
2152,0.02514038222938825
2153,0.9480230149869981
2154,0.1427569786724035
2155,0.014662355592538244
2156,0.009368755828767202
2157,0.20035664611629464
2158,0.6408576249685872
2159,0.1862690560360668
2160,0.2055266702355301
2161,0.04614348404564164
2162,0.14500257289898452
2163,0.10433154614854064
2164,0.40822486070781855
2165,0.09745464609021787
2166,0.746599658416642
2167,0.12710017483069802
2168,0.00422296332711506
2169,0.06240748271193957
2170,0.14001352973224726
2171,0.09133859554681276
2172,0.21148359352825852
2173,0.08415119746516458
2174,0.5376041695300069
2175,0.15814945620947476
2178,0.04128336708432279
2179,0.0002463482557261171
2180,0.999118916449246
2181,0.9487815704608398
2182,0.06281394776539707
2183,0.04620734359143997
2184,0.3822319112092083
2185,0.011480167277200548
2186,0.10068070223710451
2187,0.47994037819621016
2188,0.012937647183168203
2189,0.9706900309266272
2190,0.06527210083642287
2191,0.20183398713318093
2192,0.37818475670668766
2193,0.10436231209431188
2194,0.029522475049322223
2195,0.7812311671165765
2196,0.12751319852241405
2197,0.18979890845340872
2198,0.0732674879358699
2199,0.09439764508744798
2200,0.1426006772962923
2201,0.034792267683464405
2202,0.20700854821176584
2203,0.15785620392838423
2204,0.5053321481801961
2206,0.21525827136053008
2207,0.039225883305643215
2208,0.15491238852429617
2209,0.08492065314174865
2210,0.2791784058714296
2211,0.07708352332328973
2212,0.1078375332044266
2213,0.10174357959332966
2214,0.9940649141341753
2215,0.03331133465753641
2216,0.06009771848737527
2217,0.12107279442965503
2218,0.14940647625602058
2220,0.1976267053221089
2221,0.06110328441373708
2222,0.11585840765660153
2223,0.15491238852429617
2224,0.22756584856319614
2225,0.0019678887343136313
2226,0.14388856259096294
2227,0.04501527216578189
2228,0.9082611220361833
2229,0.24609192045117814
2230,0.0020072720789335373
2231,0.11059370178879546
2232,0.1655866139196
2233,0.08317920380600742
2234,0.5366313573311
2235,0.9548141546170408
2236,0.10746488280845982
2237,0.7131186635715904
2238,0.14974973973562336
2239,0.005906088412878672
2240,0.15587538480315843
2241,0.17046680618492274
2242,0.1078585574749125
2243,0.08739160762900619
2244,0.07048080772056502
2245,0.18624463519716408
2246,0.0026763310515506493
2247,0.13324792845961703
2248,0.005647167573198348
2249,0.16662376067627907
2250,0.14852200546018432
2251,0.17151860852235076
2252,0.19874607384945367
2253,0.012144773135167434
2255,0.32823635894659153
2256,0.07278642347205201
2257,0.012744298954204708
2258,0.027418127935269754
2259,3.379252033260935e-06
2260,0.04340721381079101
2261,0.15960803550797323
2262,0.12758184089375402
2263,0.10919865469327869
2264,0.2090291500871011
2265,0.17217174775854774
2266,0.16742323768400663
2267,0.17054164745390976
2268,0.10997021420818566
2269,0.1620767816246996
2270,0.8872822139098492
2271,0.07358397128113588
2272,0.1102128778768398
2273,0.16974452108022273
2274,0.6089803472846694
2276,0.06367662962450081
2277,0.16484000825857137
2278,0.0009083617364320332
2279,0.15454967601842862
2280,1.7341382686278856e-06
2281,0.06295956698939884
2282,0.001206206510394341
2283,0.07448738330498056
2284,0.23972959065201574
2285,0.12796085846503794
2286,0.013026879486333628
2287,0.08759499038754584
2288,0.015690156859220365
2289,0.16469731460941034
2290,0.08816976262954107
2291,0.09754298424192932
2292,0.00887653415283119
2293,0.0061221582592029256
2294,0.0332958896845886
2295,0.07947890392211869
2296,0.18547234953272457
2297,0.19024538360587898
2298,0.23788117773242717
2299,0.12121729766087139
2300,0.30397332884042033
2301,0.10292461359364172
2302,0.02217943197934452
2303,0.009847413720344877
2304,0.3192299461806218
2305,0.21275979556011276
2306,0.9492204528025906
2307,0.023053086236399515
2308,0.011549662113217705
2309,0.1049343073067315
2310,0.1916960421652975
2311,0.12868945234605933
2312,0.2339108435844435
2313,0.15892191900723118
2314,0.17154717330601743
2315,0.17610437795742973
2316,0.16868835046235028
2317,0.06475269556359234
2318,0.1667828088364564
2319,0.01795701732659234
2320,0.014172097548916225
2321,0.15584909950962633
2322,0.06547389143758371
2323,0.09110673282214646
2324,0.331906218691981
2325,0.18018024904545857
2326,0.09648090513962783
2327,0.00869022122081164
2328,0.18397192698051865
2329,0.026716432387739002
2330,0.20046956132968316
2331,0.23866074897777376
2332,0.1873720672961939
2333,0.07328120345996479
2334,0.2229959924465854
2335,0.22445930745227954
2336,0.22307870341601077
2337,0.16584022546363408
2339,0.1935609517232694
2340,0.17480976342444113
2341,0.34979543527101997
2342,0.1121762387148762
2343,0.14298805296976405
2344,0.3111508831742754
2345,0.05335426741723978
2346,0.5822570986938619
2347,0.06889830927796008
2348,0.08185585835241084
2349,0.09014497939366148
2350,0.002965186488999255
2351,0.21670966596679642
2352,0.05970313149269727
2353,0.13413786150986268
2354,0.09370685240234918
2355,0.0013835580128643452
2356,0.8066139232085959
2357,0.07340213305041733
2358,0.1444435271222804
2359,0.012187659840487084
2360,0.8094364302376863
2361,0.29597538461283346
2362,0.13852698059214574
2363,0.08474346204196248
2364,0.12526339190009603
2365,0.15365980663312445
2366,0.06962857472132448
2367,0.06694414524848064
2368,0.18536866663973914
2369,0.6645571167156938
2370,0.15445031205294507
2371,0.009715139371925073
2372,0.1547554582943096
2373,0.1238769806791432
2374,0.062046460922434855
2375,0.00021233996054978967
2376,0.6872890617451934
2377,0.20928627607016165
2378,0.21071008530946778
2379,0.04149970054590251
2380,0.13909320178470733
2381,0.2266239624303962
2382,0.13093551576630946
2383,0.027306265248102205
2384,0.4709123577744469
2385,0.05346368478865737
2386,0.0029075453859212625
2387,0.15558121645017392
2389,0.04101919670703848
2390,0.054567317504874834
2391,0.562704049491184
2392,0.20973181252102674
2393,0.24462540499807356
2394,0.06440110667239049
2395,0.06882291906138546
2396,0.16561992359404396
2397,0.1511819187426247
2398,0.14444028778353843
2399,0.18075991168358793
2400,0.07151194255787076
2401,0.05148285901520473
2402,0.08498553077539675
2403,0.21367837134565248
2404,0.05256863284419659
2405,0.2757293815845724
2406,0.11371202638569186
2407,0.04044173162837052
2408,0.007997679811814743
2409,0.05009598178733863
2410,0.19798760036899862
2411,0.1544424683820378
2412,0.14854071824506807
2420,0.061488416070950846
2421,0.09583676076393659
2422,0.15053431280483653
2423,0.07255902581687967
2424,0.09192534685598808
2425,0.09386426489360088
2426,0.03377891061164561
2427,0.01153589917506226
2428,0.06171012066942168
2429,0.12904693004745582
2430,0.1402655396378465
2431,0.03442049716513794
2433,0.0015638486218527558
2434,0.18371351634989305
2435,0.642555962155935
2436,0.05323556743724353
2437,0.37858033729547524
2438,0.16320461445155648
2439,0.16132472015481691
2441,0.14840452916023264
2442,0.11470730429281929
2443,0.0066846330992152096
2444,0.04702070648025645
2445,0.04685069696213285
2446,0.09148637064829375
2447,0.20853521091368168
2448,0.032274725242941615
2449,0.1708625384680712
2450,0.0018424889497897746
2451,0.11253862514371868
2452,0.22180257293511246
2453,0.13589648832066575
2454,0.2392609271773656
2455,0.005260463929311639
2456,0.02994971856837528
2457,0.0002996810489903916
2458,0.22250906309156046
2459,0.17370580776079542
2460,0.15524956467449716
2461,0.0137447907340827
2462,0.1048072696586913
2464,0.2800294555503114
2465,0.06966185896224061
2466,0.6833947623337624
2467,0.24444838860517032
2468,0.020323377971748175
2469,0.1268624342212639
2470,0.008775772096723559
2471,0.13760361169663599
2472,0.005075159292041413
2473,0.0019579150992750497
2474,0.22586003823721457
2475,0.02897277614304043
2476,0.1479197359264855
2477,0.0010700025577490156
2478,0.29076055907495985
2479,0.5109359771198698
2480,0.9844740412620692
2481,0.055356017338946975
2482,0.21261836926633532
2483,2.0689904836274815e-06
2484,0.016537630378131243
2485,0.030195652753069364
2486,0.0018074426892429457
2487,0.5484129762152445
2488,0.2108460095910597
2489,0.17296970558352848
2491,0.12191300818344977
2492,0.016050268472969555
2493,0.17148008330638626
2494,0.0016862868268670294
2495,0.0057632147062859395
2496,0.75190366613703
2497,0.10012693254726487
2498,0.015068740753870487
2499,0.016713310988425534
2500,0.015474344481674939
2501,0.0012310658696879943
2502,0.02748501079351111
2505,0.0033528832173152154
2506,0.011902404447537457
2507,0.0036551856648147684
2508,0.002372272450325239
2509,0.11304330254712977
2510,0.11153956546189857
2511,0.14877238197082926
2512,0.0021543809407513215
2513,0.07065896730609297
2514,0.07649639717090409
2515,0.01297301811255372
2516,0.19112058840550433
2517,0.22243099515626893
2518,0.5360616268746352
2519,0.17904225788973144
2520,0.2760712884842752
2521,0.10297160985061356
2522,0.4861991123463827
2523,0.2181434641047944
2524,0.06839472771446865
2525,0.10317591591367718
2526,0.24082492651090895
2527,0.3398337859124596
2528,0.01152265793963464
2529,0.3519268615569515
2530,0.019283219131346285
2531,0.00036371979008583224
2532,0.10979521949521909
2533,0.9841697520255231
2534,0.002295878547492041
2535,0.003590325684892337
2536,0.001120186298431996
2537,0.002244420243296808
2538,0.0004045598598680241
2539,2.028593195150499e-06
2540,0.09918090404926723
2541,0.05433390823338918
2542,0.016219967923122233
2543,0.11017751175190664
2544,7.697896931068404e-05
2545,0.3264550311193033
2546,0.22467860389756875
2547,0.000562903155968623
2548,0.14545166658130879
2549,0.026844129664248647
2551,0.18804906311304598
2552,0.006885200047885605
2553,0.0072358279225943935
2554,0.3199862236348222
2555,0.006503055583867364
2556,0.012521903571094914
2557,0.036926347071156926
2558,0.21237605975145388
2559,0.00196314829866196
2560,0.00041212410937041093
2561,0.07552589247488949
2562,0.5060078587848021
2563,0.1572753289812568
2564,0.10154250250332052
2565,0.0012016041364719529
2566,0.0019197598832540136
2567,0.06201883514966373
2568,0.00813351420188722
2569,0.0021248783196666917
2570,0.09638158550435205
2571,0.6009663277227925
2572,0.2962964246896589
2573,0.1507584331956644
2574,0.004355693298868725
2575,0.016319383966249774
2576,0.17657185919487495
2577,0.06509948538852206
2578,0.1335049755759466
2579,0.11049099556765118
2580,0.15543421425464804
2581,0.0036105888393133906
2582,0.10007993987852597
2583,0.135280341244599
2584,0.008560145918875125
2585,0.15738612304753255
2586,0.22347466864588522
2587,0.18757905980455206
2588,3.102679814928292e-06
2589,0.17657358096913925
2590,0.023540567631301464
2591,0.12811234373929484
2592,0.018687688048099536
2593,0.24475246882239948
2594,0.22177214534656745
2595,0.01768147033652408
2596,0.11024865326754202
2597,0.06513427207292821
2598,0.08125437672910253
2599,0.2874584112995157
2600,0.004533563567605013
2601,0.020538765195853733
2602,0.1632442552671412
2603,0.16470914350000612
2604,0.16973177487844537
2605,0.03933879427692051
2606,0.1936753162879524
2607,0.012017392559557142
2608,0.14293713769333027
2609,0.014712995691287693
2610,0.0697569276344243
2611,0.008605898348108683
2612,0.12997942169809956
2613,0.12704577930563532
2614,0.27282190834733694
2615,0.17653796673588176
2616,0.24119922291317536
2617,0.07941651906022931
2618,0.2867111135949074
2619,0.0035376248159645477
2620,0.288345578937594
2621,0.019029815589063828
2622,0.15268111013606347
2623,0.0017722146239052044
2624,0.180816356042918
2625,0.12510784640018244
2626,0.17083329822021082
2627,0.19811465012499085
2628,0.15214072452480834
2629,0.1712019433705559
2630,0.00017198047478093447
2631,0.03424546067485535
2632,0.08053393078183876
2633,0.09849525855668444
2634,0.09531838208423916
2635,0.07763132041945672
2636,0.10560985212401226
2637,0.07617608387310205
2638,0.04483480771464015
2639,0.01847680131778784
2641,0.5964584896255388
2642,0.05896760523588966
2643,0.37296309436374986
2644,0.2163703447306396
2645,0.1416754618365319
2646,0.12997076327262813
2647,0.05537208055803273
2648,0.2048495822826691
2649,0.13385118266861754
2650,0.0719680670271268
2651,0.3051526459103317
2652,0.23211338117646904
2653,0.23047485076149787
2654,0.20058878670037214
2655,0.05927248658760312
2656,0.06098788579170602
2657,0.17653830195088444
2658,0.03293068293929584
2659,0.6099705028647658
2660,0.2186527132070759
2661,0.1027747109849373
2662,0.3364870695091209
2663,0.011416901853362011
2664,0.19161377609257127
2665,0.0021204297082338965
2666,0.003543917869870642
2667,0.016172353963611618
2668,0.45434116305166383
2669,0.0324595821420657
2670,0.3415940737240472
2671,0.17602777897281088
2672,0.22805715425324652
2673,0.15562786548907928
2674,0.14376272000507967
2675,0.007784790986542125
2676,0.07667657448422542
2677,0.03851112682249221
2678,0.23293337284225712
2679,0.006373748825110157
2680,0.028889302377808294
2681,0.13287926823004456
2682,0.22846183741118706
2683,0.028114056652276263
2684,0.29375822922748634
2685,0.09009063411633626
2686,0.16135285806980224
2687,0.13671909749292308
2688,0.0048104154260493305
2689,0.3113402188294207
2690,0.04412206117002292
2691,0.01763220159803574
2692,0.04693601848460548
2693,0.04339848304923902
2694,0.08370213141676602
2695,0.21754112610695509
2696,0.14561824096897055
2697,0.1218321023713731
2698,0.03708221982958479
2699,0.0020215516383183347
2700,0.09993811665592241
2701,0.09034058613850218
2702,0.3505401545328201
2703,0.17389757205623152
2704,0.16875979805176056
2705,0.14724044678665932
2707,0.19736991110050325
2708,0.5468994100506587
2709,0.051457098233700205
2710,0.0621597790905361
2711,0.11752486473907602
2712,0.027378281869341818
2714,0.20817197459344866
2715,0.1053566173053145
2716,0.12477273740300435
2717,0.1711236322408302
2718,0.03146086033924709
2719,0.03858189752058022
2720,0.0957111710953044
2721,0.22228499833974869
2722,0.9558079595522614
2723,0.1934164799877861
2724,0.09266991624114679
2725,0.2535881539572096
2726,0.07675021257252511
2727,0.32787116665721433
2728,0.14961049405082347
2729,0.2566475353417827
2730,0.8008443819192658
2731,0.21273978490965445
2732,0.04927501659343803
2733,0.17657185919487495
2734,0.20423447553889063
2735,0.2140766417986109
2736,0.00015004622107090635
2737,0.007344657239853014
2738,0.05477795814647019
2739,0.8457904018032767
2740,0.8471815909790211
2742,0.18590278930440635
2743,0.15564408978528618
2744,0.14595043371462174
2745,0.04269050732976393
2746,0.05297177494744683
2747,0.11115838254825963
2748,0.04358100254281641
2749,0.0002889260778938826
2750,0.22493276928565115
2751,0.16571439558119416
2752,0.2477125078737827
2753,0.2319550205281631
2754,0.17159300500550265
2755,0.17733879646122125
2756,0.03277157556018937
2757,0.12215909899426979
2758,0.0003238202692858967
2759,0.17509874243394147
2760,0.5824562844877265
2761,0.07178382597501232
2762,0.7548689457112818
2763,0.14391588319110957
2764,0.10006176859559504
2765,0.17265042081632892
2766,0.12863349850500727
2767,0.044734111824143906
2768,0.09288027651525378
2769,0.10003263850884364
2770,0.11106708030521349
2771,0.11135876307359148
2772,0.0686663352576415
2773,0.15438148672659655
2774,0.058227352833843594
2775,0.811384433528571
2776,0.11408633314637791
2777,0.3074922080737753
2778,0.09483247759657774
2779,0.1193614308642559
2780,0.07997153475540829
2781,0.29898303184567204
2782,0.20114130432949825
2783,0.9751171559946936
2784,0.1843767706263561
2785,0.0001936218623462643
2786,0.055270686629279496
2787,0.01220234534905314
2788,0.03370767859903474
2789,0.19277258399850117
2790,0.19184319090599958
2791,0.113395781594724
2792,0.21130382048459964
2793,1.0375846802741658e-05
2794,0.23433442803799834
2795,0.002179940872488402
2796,0.08787149202527222
2798,0.14732281283237578
2799,0.0015497704135645927
2801,0.5969427216341081
2802,0.30931947154981615
2803,0.1172380951939838
2804,0.04682904514818886
2805,0.16036998161940577
2806,0.4833664530544997
2807,0.20653327568142688
2808,0.07906191778973909
2809,0.24755432559027196
2810,0.0001995022528551383
2811,0.6534119125883624
2812,0.1780988760915968
2813,0.027545075556308855
2814,0.17453649558493553
2815,0.19244491901525276
2816,0.10099031459467225
2817,0.6311971187689371
2818,0.16410293735721385
2820,0.2706963031089868
2821,0.06782633607811353
2822,0.9842486974654261
2823,0.1339951791960068
2824,0.1456220950722104
2825,0.31870686136517934
2826,0.30585700218531325
2827,0.17167421712550732
2828,0.15991496649337106
2829,0.033174100776882716
2830,0.2180942636547105
2831,0.010930076371393775
2832,0.12008932120855689
2833,0.4940603085815356
2834,0.19967125085621
2835,0.9561894140569112
2836,0.21902998220226474
2837,0.009847473969298217
2838,0.2156063071155779
2839,0.9895908776465058
2840,9.829539056361802e-05
2841,0.996203612724418
2842,0.06589095974400344
2843,0.13132704903068088
2844,0.1594721359492862
2845,0.006714027874469359
2846,0.20169600016979736
2847,0.13718064440658867
2848,0.1723199381550106
2849,0.11386507686867012
2850,0.0187767794071216
2851,0.06382800553563496
2852,0.08553218187529528
2853,0.09302418844120366
2854,0.12882282630276173
2855,0.00521893765306844
2856,0.09417834258888987
2857,0.004228127389549243
2858,0.20941712226555798
2859,0.1209242621605235
2860,0.31853041338352656
2861,0.5848857957676589
2862,0.16565444519585387
2863,0.721364791940779
2864,0.28421712955578815
2865,0.2034165706310032
2866,0.10486286858318798
2867,0.20048775573206512
2868,0.015619813514921005
2869,1.4185648604298985e-06
2870,0.17922602327939693
2871,0.1266873199301808
2872,0.02817526213195627
2873,0.07117124515196968
2874,0.18282721427392265
2875,0.02982125981241272
2876,0.18697153568004432
2877,0.21257197444679954
2878,0.1596925170798338
2879,0.0934884088376627
2880,0.1579128484049898
2881,0.019665790759405593
2882,0.11243858627868085
2883,0.0004127438022968067
2884,0.027857437418412307
2885,0.04148224990087105
2886,0.09875919870467666
2887,0.1908983569947857
2888,0.034922702606652804
2889,0.0740658266161338
2890,0.10407422601715334
2891,0.12928447772713472
2892,0.001352074721207741
2893,0.14274803253881316
2894,0.0026572132756866023
2895,0.1738101386775227
2896,0.11115153425299576
2897,0.3007228103416967
2898,0.39549827500323725
2899,0.21089802057063056
2900,0.1988897503490233
2901,0.20075091579286647
2902,0.19225082717720246
2903,0.49882918247812646
2904,0.3049066307565758
2905,0.018193241367790762
2906,0.20659684025561925
2907,0.40594371894810194
2908,0.01802663059646614
2909,0.2039550769534764
2910,0.11429785750406482
2911,0.1926802875157655
2912,0.24887676799439082
2913,0.23738815292900373
2914,0.49390628775218093
2915,0.15547966813194986
2916,0.09798039504876774
2917,0.2079618560325787
2918,0.04615887142790073
2919,0.1626213474552935
2920,0.3441585126614029
2921,0.12244555076603007
2922,0.037161763820051825
2923,0.21853835243865605
2924,0.14035794923722528
2925,0.04967122664328371
2926,0.033604167896801256
2927,0.9328978860346051
2928,0.14497480007146102
2929,0.007570335018131875
2930,0.10723313682992917
2931,0.019160786980212296
2932,0.08640349570780628
2933,0.019090492059180612
2934,0.09036202428009925
2935,0.012253193332012203
2936,0.09949122078027384
2937,0.07922297168088806
2938,1.3328798298813375e-06
2939,0.15719219556054312
2940,0.043954159534938676
2941,0.08720884966700998
2942,0.19488188132065606
2943,0.018672304011441303
2944,0.230620111798848
2945,0.18974764210909703
2946,0.18093007343937012
2947,0.05639183821625421
2948,0.14231384641367165
2949,0.1928985374526392
2950,0.09452554382727497
2951,0.17738655260166877
2952,0.0926215960291958
2953,0.04468211342584316
2954,0.16552164086954957
2955,0.0454260770670374
2956,0.018168197125019943
2957,0.004958613055119014
2958,0.3001236757103663
2959,0.2227759865702943
2960,0.23448796146154272
2961,0.3513210856100297
2962,0.19017712583285526
2963,0.18718030958321097
2964,0.10833108310399005
2965,0.12852784134895515
2966,0.05378408062508965
2967,0.056918637942047386
2968,0.15961367644034336
2969,0.1555021332976329
2970,0.32081040797448873
2971,0.1473035144228441
2972,0.14599649037269
2973,0.031109030264376735
2974,0.38786207742965534
2975,0.1410781610950711
2976,0.036840435384632865
2977,0.212825410104281
2978,0.212825410104281
2979,0.0662908655056227
2980,0.10734693237559352
2981,0.0927490446088978
2982,0.032803173731195796
2983,0.28272478682868957
2984,0.20986094845119505
2985,0.028202039974555455
2986,0.22390666822300076
2987,0.18101473978687846
2988,0.1560535172158095
2989,0.1374258544893359
2990,0.08619020323833632
2991,0.12988719898693055
2992,0.1511103126474551
2993,0.06602936488775583
2994,0.285640646748129
2995,0.002084010828332603
2996,0.06700738428896647
2997,0.20366562195937077
2998,0.0381864869110396
2999,0.2878983902919284
3000,0.08588782375034801
3001,0.033868368540159136
3002,0.22144418042887573
3003,0.04615887142790073
3004,0.12513216146969372
3005,0.11392159751617095
3006,0.10223892753562905
3007,0.10170436400045967
3008,0.18190092316665638
3009,0.1511103126474551
3010,0.18190092316665638
3011,0.00020343485529764524
3012,0.2057749201014332
3013,0.0015802775269994408
3014,0.5994159222325959
3015,0.2300191813071876
3016,0.09863478297152664
3017,0.14671336000859783
3018,0.182142561715601
3019,0.0021806349629423377
3020,0.9972528250738011
3021,0.2301191616524831
3022,0.23121883705480692
3023,0.20626718090881493
3024,0.23058151295294532
3025,0.01876265763619252
3026,0.21036225292241165
3027,0.09260307563910984
3028,0.05104622548492309
3029,0.12501054751801807
3030,0.0091814772822543
3031,0.22192650939266304
3032,0.7738145629974981
3033,0.09825314533476769
3034,0.16558572954937142
3035,0.5741670805923733
3036,0.07357004393385905
3037,0.1773148837868351
3038,0.2080401935935907
3039,0.11374903745066763
3040,0.11246103193491645
3041,0.6952416250692025
3042,0.39673278558610986
3043,0.22040160071699877
3044,0.2536260977085157
3045,0.2116011447826585
3046,0.17861889204177603
3047,0.15628247082172367
3048,0.22981658648953798
3049,0.2216458821445438
3050,0.01963910732255064
3051,0.1942677317019783
3052,0.15343581846315688
3053,0.08522378042830535
3054,0.14709981393427352
3055,0.00033359726560273467
3056,0.09543061973280001
3057,0.5861284075336985
3058,0.017462023459112654
3059,0.06323836079776679
3060,0.9570479015075121
3061,0.0822572043967214
3062,0.14872489118052426
3063,0.01434936012593796
3064,0.11993460015974264
3065,0.16788757252943226
3066,0.018460155747865713
3067,0.06638061983952513
3068,0.060612288160320514
3069,0.0857218390434805
3070,0.03253538269860367
3071,0.12357791107593924
3072,0.032439851351329145
3073,0.008197945459632046
3074,0.0114959667542119
3075,0.11331939690000542
3076,0.19008966711148423
3077,0.004960548650146451
3078,0.000628750182508433
3079,0.04007438726500939
3080,0.0016711496454670158
3081,0.11439566002685905
3082,0.00026164207789890166
3083,0.022191421128392036
3084,0.5891109827376342
3085,0.014006413416554534
3086,0.06507208661689878
3087,0.10917005987990351
3088,0.0019989833018988546
3089,0.016842784119904027
3090,0.04377114585071149
3091,0.06853285757213053
3092,0.10033886400258504
3093,0.09857479765322222
3094,0.05868605379443708
3095,0.17441808190037064
3096,0.2590628564221262
3097,0.1608768352060689
3098,0.1775548455093952
3099,0.1378760256679285
3100,0.13861964266787327
3101,0.024079086507120633
3102,0.14955814769582368
3103,0.13270139931948494
3104,0.21291161440873152
3105,0.1805342136381972
3106,0.1420383331749563
3107,0.04410580996639641
3108,0.2009844657052065
3109,0.11767956735156147
3110,0.1771413363312014
3111,0.0910955343935055
3112,0.020882108257801114
3113,0.101437728396849
3114,0.21192623407619338
3115,0.13222295897062428
3116,0.1453307483334266
3117,0.1414913594323001
3118,0.08430774541453438
3119,0.5210420563157678
3120,0.07691442892353326
3121,0.16080330497288056
3122,0.017178674808878795
3123,0.0662528514828106
3124,0.25747229570418234
3125,0.0017397774119603852
3126,0.023563001046751304
3127,0.3803551103299369
3128,0.16075844629348218
3129,0.016220889686187834
3130,0.015064002795130572
3131,0.7245908692786712
3132,0.07037606197187299
3133,0.37915066751341775
3134,0.2352550183596158
3135,0.1902080866147249
3136,0.09929996168438145
3137,0.7335781805078014
3138,0.15222469950497364
3139,0.013967622360227194
3140,0.00895561617876161
3141,0.20002470135101189
3142,0.5304860375334701
3143,0.027581352660536428
3144,0.006101674610851948
3145,0.015446134938418645
3146,0.025443917665251673
3147,1.2892020474834233e-05
3148,0.1414522521639942
3149,0.12283583300096615
3150,0.0002710857138593079
3151,0.021385683265204188
3152,0.8101082209328906
3153,0.9651903921879867
3154,0.3760642301003952
3155,0.054745338892601116
3156,0.04279235855662859
3157,0.4224770575518235
3158,0.19486305237512114
3159,0.20394148685301702
3160,0.2118985912314872
3161,2.1518855440651044e-07
3162,0.0027163628404502553
3163,0.09622966477636746
3164,0.0005102174738282035
3165,0.17378910771095996
3166,0.05722485240463204
3167,0.0614189379662992
3168,0.1792034842199316
3169,0.15076437315982355
3170,0.08634874803321876
3171,0.06302760615226971
3172,0.2292654117500605
3173,0.13176774709910977
3174,0.04868418839474549
3175,0.0518343970822025
3176,0.043641833745421514
3177,0.1878584856416343
3178,0.12629605605872377
3179,0.01620455153662065
3180,0.1301803910699051
3181,0.00754469250627562
3182,0.25483892899721655
3183,0.032707918231656696
3184,0.16770922779160988
3185,0.06290538943421063
3186,0.11831171477137639
3187,0.34373722954954017
3188,0.12797190934951208
3189,0.1153651381875262
3190,0.07931382877975203
3191,0.2394962603677452
3192,0.1603800535959913
3193,0.21467935698895027
3194,0.38430448295447567
3195,0.8854667960179435
3196,0.11799193344455546
3197,0.15030546631079134
3198,0.18224438178983074
3199,0.13058489621952035
3200,0.2415290827346055
3201,0.13563353561645355
3202,0.16979065128210602
3203,0.2943080214181124
3204,0.2276542164088153
3205,0.1713629591637019
3206,0.20858449387791533
3207,0.15383086438986862
3208,0.0680090244310609
3209,0.5003506691498121
3210,0.48856909897902334
3211,0.04410580996639641
3212,0.07520688918242893
3213,0.2169557051755996
3214,0.2743400443961936
3215,0.5345811931857616
3216,0.14202560741561074
3217,0.19671142736197333
3218,0.044406097383055315
3219,0.14642102724506625
3220,0.000965917674944107
3221,0.19558167965404383
3222,0.08172016814575081
3223,0.09578320389310332
3224,0.007658131417509908
3225,0.0661676759771744
3226,0.1414522521639942
3227,0.1422729023635574
3228,0.14796313976011363
3229,0.1942198068798166
3230,0.12922889365006004
3231,0.0844031924336227
3232,0.15029591652567953
3233,0.0873251068314995
3234,0.0375797494605083
3235,0.07495285439809778
3236,0.1542159386549371
3237,0.29019634499036795
3238,0.1756238526945244
3239,0.17078600480325423
3240,0.12845564681786728
3241,0.0002058118940554909
3242,0.23978565165058194
3243,0.19197303523572673
3244,0.2365800705932641
3245,0.1790883873371911
3246,0.1671327718452482
3247,0.09360273637966927
3248,0.04518071676058039
3249,0.18895452218323114
3250,0.005016273300741143
3251,0.1417657563137661
3252,0.3025699278422687
3253,0.15260682173503842
3254,0.06674953588152982
3255,0.08619194147478981
3256,0.1491077871230354
3257,0.0021083151590295885
3258,0.06038541688346364
3259,0.20555657608529262
3260,0.03861553611080945
3261,0.2902863263861299
3262,0.041502205418070856
3263,0.04667314866047275
3264,0.22345388312270398
3265,0.034250628668998716
3266,0.12640970890942718
3267,0.2117941253179963
3268,0.23123243857351344
3269,0.10373704162960608
3270,0.03398355097700189
3271,0.07635542169192963
3272,0.1718815958621807
3273,0.3290337168826463
3274,0.14249199458310244
3275,0.037254946652585205
3276,0.21477847182348328
3277,0.04235299581886171
3278,0.07587933337725362
3279,0.09373139556160216
3280,0.03317382420091457
3281,0.028522234336100072
3282,0.2259322337695073
3283,0.1827436503775238
3284,0.15758989288588932
3285,0.1388090011061394
3286,0.08710975622928512
3287,0.00033774305850602055
3288,0.1608191297168495
3289,0.16621699765773434
3290,0.10835057482745353
3291,0.21231348459396238
3292,0.1923287697386043
3293,0.12895777760873334
3294,0.050414812716709265
3295,0.054585700261222045
3296,0.057764124224382846
3297,0.16172303332604224
3298,0.1575673421435711
3299,0.3242281632993647
3300,0.17611402302315277
3301,0.147957573788415
3302,0.031583972588000504
3303,0.1014307406355219
3304,0.04685246928034287
3305,0.1699200201656531
3306,0.5181533706758182
3307,0.4866036570180836
3308,0.008024573425603995
3309,0.15083506038694275
3310,0.3306652642314683
3311,0.8925283432061052
3312,0.144468381307187
3313,0.0005905843743245321
3314,0.3371032588559542
3315,1.2742285562799142e-06
3316,0.0022682258096413986
3317,0.11849405990041346
3318,0.1914156643856318
3319,0.10095091392422613
3320,0.10532343019758794
3321,0.03728868101474188
3322,1.4012672005122051e-05
3323,0.02025051328958726
3324,0.17856260536128638
3325,0.165416930402191
3326,0.30344862518826776
3327,0.053392067608290815
3328,0.8460837163750373
3329,0.06657439514207567
3330,0.00405585382982496
3331,0.16205507677914524
3332,0.205884497594654
3333,6.974449296312563e-05
3334,0.05571653575579811
3335,0.009083017553154146
3336,0.024682015886222826
3337,0.031671890627872054
3338,0.19985275704853256
3339,0.46491911732259
3340,0.9778676465720321
3341,0.39632058861199365
3342,0.17620284975886158
3343,0.033221045532457506
3344,0.3156741999733399
3345,0.15788564100318286
3346,0.02354904405936777
3347,0.04475922842461619
3348,7.381926843467564e-05
3349,0.030147144962565833
3350,0.4884050618295373
3351,0.006524191676369811
3352,0.6729645013824208
3353,0.09533571419724796
3354,0.005205100296924334
3355,0.127210099742334
3356,0.05763847364697099
3357,0.0054563089194473715
3358,0.03504674356835989
3359,0.0465922913397489
3360,0.005153289077619799
3361,0.16763073866642975
3362,0.000866780388455552
3363,0.1523891193991482
3364,1.1397039433517566e-08
3365,0.17242121273042355
3366,0.22447086544885128
3367,0.10460616398507944
3368,0.22721379610006037
3369,0.35009061337531727
3370,0.22284877997939662
3372,0.011613773648213055
3373,0.22164361732632734
3374,0.1880001974168589
3376,0.9588501165879969
3377,0.7981840003651456
3378,0.017961850861017252
3379,0.12026311725581888
3380,0.22538805103109485
3381,0.1831917008417454
3382,0.20142856141285498
3383,0.23649266079129141
3384,3.898672614284636e-06
3385,0.17773747462215994
3386,0.2212622733375856
3387,0.024946053223952158
3388,0.18560170968666678
3389,0.08693414148144817
3390,0.18811923563574043
3391,0.41431910982737213
3392,0.0006160829270849804
3393,0.08050768510884415
3394,2.8955129767646742e-05
3395,0.08568300445779305
3396,0.39031933424125204
3397,0.4782799306108191
3398,0.30378044698760076
3399,0.018636823688344493
3400,0.1999554761368911
3401,0.14170520088288327
3402,0.09952240652299188
3403,0.11893413182170919
3404,0.006749754632854332
3405,0.03397368181257169
3406,0.9445699354616786
3407,0.11178607725559306
3408,0.1854149564838908
3409,0.1447843067292412
3410,0.49367778589625394
3411,0.1597375982149258
3412,1.604538238640357e-06
3413,0.04296360102204986
3414,0.3515132774680579
3415,0.07140552162584939
3416,0.6623711785067424
3417,0.14876007810504718
3418,0.186946232550451
3419,0.17139943459479196
3420,0.007869825491112885
3421,0.25753895684723244
3422,0.16505577431563354
3423,0.003308184835128803
3424,0.1849782239374052
3425,0.001104180307346839
3426,0.14481787957981854
3427,0.0977924632573011
3428,0.127674821942785
3429,0.20867786547538536
3430,1.4258629982724019e-05
3431,0.3951069150584219
3432,0.0024363022484953927
3433,0.02842103828836551
3434,0.0006162062891340492
3435,0.20090037854576254
3436,0.09130421968994039
3437,0.10012692971913545
3438,0.20398357254051278
3439,0.0019504508745865137
3440,0.42294562651707884
3441,0.012417042958833838
3442,0.19197196175425055
3443,0.9898815599295906
3444,0.027649044311144136
3445,0.1329019861047641
3446,0.12193854595293677
3447,0.0010005490844319604
3448,0.228856568442547
3449,0.14449184846643479
3450,0.03145195836348983
3451,0.08417132306811967
3452,0.04420587971617919
3453,0.8739940280265537
3454,0.10128424854070675
3455,0.3208463769940263
3456,0.0008766846545413963
3457,0.1920008884034354
3458,0.2627736546589342
3459,0.13106624081452595
3460,0.025202519987401906
3461,0.18164209291884145
3462,0.0022672581429401075
3463,0.07832579090513796
3464,0.20622869969982052
3465,0.3094657301782198
3466,0.13685731933429615
3467,0.22778083258416104
3468,0.2831093794265448
3469,0.11445525019894569
3470,0.09784155304093659
3471,0.00029834321887414045
3472,0.1605429645357026
3473,0.14431131626834323
3474,0.006359733213916052
3475,0.17148673765326747
3476,0.00020801651119505118
3477,0.04337503959947551
3478,0.12443306270792513
3479,0.08680561798709847
3480,0.003747744582141364
3481,0.0939060063379307
3482,0.05836960786014927
3483,0.05155536139060773
3484,0.6693611324568655
3485,0.09968797072193769
3486,0.02869692270891155
3487,0.06447012334178721
3488,0.018752772575211338
3489,0.005339215722176291
3490,0.004443411510769429
3491,0.016419513012337805
3492,0.22220974744245517
3493,0.41019504670211937
3494,0.04457155672950639
3495,0.010961168980386531
3496,0.010181442397982009
3497,0.0927281005136009
3498,0.19637519395177744
3499,0.18567314902003706
3500,0.0701100645782986
3501,5.17345052080626e-05
3502,0.13132728058369342
3503,0.1368236920659581
3504,0.21775674629193922
3505,0.8481184214244043
3506,0.0591586886530758
3507,0.21338820980945258
3508,0.17869159197263557
3509,0.3254015982044618
3510,0.10996401193720158
3511,0.2746258768743796
3512,0.163979625899325
3513,0.19867102533041045
3514,0.2030793676241697
3515,0.20070618309999239
3516,0.11730344142197366
3517,0.10023891770475696
3518,0.21948539995084665
3519,0.22235819446827562
3520,0.740482678445499
3521,0.19418551183180563
3522,0.045508261663702636
3523,0.7424866406251381
3524,0.17262654662364532
3525,0.048228532848085794
3526,0.7420984878536683
3527,0.6818026492227436
3528,0.039186097807973
3529,0.20334060061610118
3530,0.36720211130545566
3531,0.20501453170079914
3532,0.1475767056763224
3533,0.1878518516659216
3534,0.16175265007578765
3535,0.016833855058505022
3536,0.15804944405901536
3537,0.03266328317659485
3538,0.18543625451460746
3539,0.1907519116495902
3540,0.20472817243170285
3541,0.44449679866731734
3542,0.13050784925072634
3543,0.3970120917497466
3544,0.18856425883699302
3545,0.13756982028293255
3546,0.13157069465444549
3547,0.1639381941131629
3548,0.0027902699969209327
3549,0.19921466800660179
3550,0.16853779171478997
3551,0.18719682814888097
3552,0.11871154302541652
3553,0.17565551877577873
3554,0.12350822910909293
3555,0.1077263366010103
3556,0.12849881333707155
3557,0.13980865172092388
3558,0.037566454902890505
3559,0.17241373948980224
3560,0.22372693181781564
3561,0.14622260769423465
3562,0.010200338823581085
3563,0.10296423136686866
3564,0.19294747613311755
3565,0.04332331637734942
3566,0.20775629646009222
3567,0.004462656250743318
3568,0.1440079847093506
3569,5.82665414510472e-07
3570,0.03719599047599618
3571,0.004330571258862561
3572,0.010324795353838817
3573,0.42510243794648284
3574,0.003683596834646171
3575,0.018729835682719003
3576,0.0294965531966916
3577,0.06745005499178912
3578,0.19654657207082674
3579,0.1664850104429616
3580,0.15768426514571238
3581,0.10997183511589459
3582,0.20031443364057208
3583,0.010301548635956573
3584,0.12098612301273713
3585,0.08371782452731918
3586,0.03089488750698262
3587,0.3904147893562071
3588,0.04607930990515108
3589,0.1860470172200913
3590,0.004437897528186542
3591,0.1459418486565406
3592,0.09509370225737818
3593,0.07768349402295986
3594,0.00017824109822912532
3595,0.03403448230695544
3596,0.20290492457171155
3597,0.04620798750612754
3598,0.0686019945648559
3599,0.0008829125592608663
3600,0.004182681899652339
3601,0.2481106368760371
3602,0.03331091685622552
3603,0.4262483159676895
3604,0.16997906235655721
3605,0.05210300269172237
3606,0.056405260376085974
3607,0.05936875696962314
3608,0.16223063506162966
3609,0.33188072340808733
3610,0.1523879066472952
3611,0.03266328317659485
3612,0.00030046386317673766
3613,0.1333117591833978
3614,0.15132941461506597
3615,0.0021914109449933513
3616,0.29602630394809487
3617,0.21195508203840818
3618,0.23024803022399723
3619,0.07022517646352334
3620,0.0692036747902357
3621,0.04007971273679369
3622,0.03555542297669172
3623,0.08929251333140521
3624,0.2983318547555943
3625,0.043070931630670946
3626,0.1307500248989201
3627,0.04842745419838269
3628,0.27629665537771575
3629,0.01927229376487892
3630,0.018280945958955918
3631,0.0595684058402058
3632,0.3382394201810872
3633,0.20883326638289768
3634,0.0716889644464294
3635,0.2183334315850611
3636,0.10739458602140572
3637,0.03527854250034913
3638,0.0791327877302998
3639,0.1774660335456557
3640,0.33764225198928793
3641,0.14729139892338244
3642,0.03866960917561351
3643,0.2213840415213523
3644,0.04395240608312536
3645,0.07864085652225401
3646,0.09707437183197087
3647,0.034439059961527706
3648,0.029615494761550887
3649,0.23277914701535074
3650,0.1886006230317718
3651,0.1628012777556548
3652,0.14350511512936304
3653,0.09024008409198922
3654,0.0005206884136183473
3655,0.007940283696642122
3656,0.30323432875570266
3657,0.22199425779721904
3658,0.11049727945099393
3659,0.07006210063213696
3660,0.09243201230254992
3661,8.865898256841996e-05
3662,0.11143188441997653
3663,0.19415749541885205
3664,0.048315780670922744
3665,0.06880081839654616
3666,0.1902827926873727
3667,0.14078573932997981
3668,0.06534921546599788
3670,0.00020909785215500514
3671,4.3552732454358664e-07
3672,0.5273102995001478
3673,0.0011779689673990501
3674,0.2574289280996519
3676,0.00028360870442391907
3677,0.15692335622401915
3678,0.16595392018659563
3679,0.06134709289164175
3680,0.11413279890853724
3681,0.23076871157482343
3682,0.046492345969013624
3683,0.02853331371457007
3684,0.1078441087187403
3685,0.00022602052911977827
3686,0.027670420263093534
3687,0.36020857360847813
3688,0.007590089700471483
3689,9.811091073265828e-07
3690,0.20222780696019887
3691,0.4742848031234499
3692,0.6441790911213223
3693,0.2692685289090719
3694,0.589146225453595
3695,0.020137649000217524
3696,0.1399986170084044
3697,0.1523701483951082
3698,0.35411169904409007
3699,0.6666377208195219
3700,0.25228232933959804
3701,0.04285199148278225
3702,0.18781824232835304
3703,0.17653699767016193
3704,0.05649890995663375
3705,0.014935937480133533
3706,0.3813752304201923
3707,0.019054185015442544
3708,0.040134549357317986
3709,0.03477425911197995
3710,0.20539432435066096
3711,0.1028593149385546
3712,0.32286227499003717
3713,0.06096240613229542
3714,0.020936730523323798
3715,0.012794287934524928
3716,0.2926146938825771
3717,0.045458228973689084
3718,0.11629694720057229
3719,0.18393031219185765
3720,0.43574973775213766
3721,0.15067017835275678
3722,0.9188580019392182
3723,0.09022493418429371
3724,0.1956284457110504
3725,0.0951251164838036
3726,0.009168325439341792
3727,0.1370840157641565
3728,0.18703811913623006
3729,0.14235249334650546
3730,0.028114990629411085
3731,0.10993436674074623
3732,0.15172545496595172
3733,0.18714122429874483
3734,0.3344076859491329
3735,0.2776968475402562
3736,0.5796855192789343
3737,0.0023956959133286495
3738,0.18631909606306185
3739,0.18631730076222705
3740,0.07497082268789979
3741,0.10307762487503304
3742,0.06758442121665115
3743,0.7600428741678418
3744,0.18864065376394132
3745,0.16991914983996997
3746,0.18481031254349775
3747,0.00040937144980211006
3748,0.2668870873981639
3749,0.06310002393812272
3750,0.15462582068768618
3751,0.3199301750512343
3752,0.11936131700314645
3753,0.16438599393835818
3754,0.12389555056745313
3755,0.17458841554867754
3756,0.0021822022529014527
3757,0.13899117403055172
3758,1.7088651848215406e-07
3759,0.17540069842248945
3760,0.0015929930124757422
3761,0.2219623784856511
3762,0.19404433354696837
3763,0.012272494138264886
3764,0.0020825821862964313
3765,0.047595462025538854
3766,0.11602339774056322
3767,0.027769769474574806
3768,0.07893248085806279
3769,0.1682039109591996
3770,0.05477451605245048
3771,0.2010687308985666
3772,0.22239416819965657
3773,0.10233257096858953
3774,0.12330021182304753
3775,0.049547883415371745
3776,0.019096140596994604
3777,0.0003566729337826482
3778,0.2082586799871219
3779,0.13099960684307696
3780,0.4643233214074714
3781,0.024973112434139383
3782,0.1745817807393148
3783,0.13898598094361822
3784,0.0001155715605043747
3785,0.1999174193220268
3786,0.12773281036567094
3787,0.17421747937235466
3788,0.0009303922422108705
3789,0.15351075888632312
3790,0.12228035989458098
3791,0.18806630969389102
3792,0.2432853995799933
3793,0.09053555865443097
3794,0.09355986277675601
3795,0.06481640171150842
3796,0.20547686923102176
3797,0.03213956434177757
3798,0.12574115165700367
3799,0.12950186745788764
3800,5.78683418785591e-07
3801,0.17690675361830818
3802,0.39537159989903636
3803,0.1834116780615778
3804,0.06053333107461322
3805,0.020106347779910657
3806,0.05171793785969731
3807,0.018604215345173404
3808,0.35404280096506807
3809,0.17433224945207526
3810,0.0004769906268510124
3811,0.040928229011115286
3812,0.003658514838013622
3813,0.07605028422711423
3814,0.00048768278978868
3815,0.20014588961118
3816,0.05119093495126112
3817,0.03504589462377393
3818,0.10167709706311262
3819,6.294053407710823e-05
3820,0.2052173054610442
3821,0.036951182123728755
3822,0.02369399622736887
3823,0.045778815202038865
3824,0.19546590547431955
3825,0.000254272526651588
3826,0.036778754345260053
3827,0.07369058847757232
3828,0.03417964408597395
3829,0.16813842962908854
3830,0.10399825873641563
3831,0.20179807868127278
3832,0.04488573225162953
3833,0.07464366048730202
3834,0.020919281631511598
3835,0.033928330957775095
3836,0.001107481370339907
3837,0.06434136674884863
3838,0.16238195909576078
3839,0.13466585332035239
3840,0.08293573503089392
3841,0.0008768839310405395
3842,0.004154215750102366
3843,0.11723837602517766
3844,0.17805764482376882
3845,0.20662984663082568
3846,0.07704193009223766
3847,0.1982979282639027
3848,0.029332289074935805
3849,0.09672718837331266
3850,0.08319328584617847
3851,0.2749275438227757
3852,0.01914310615712185
3853,0.01815828059633208
3854,0.05918540314941212
3855,0.10856427085501505
3856,0.07123393401023534
3857,0.21716535295181724
3858,0.10673898054724396
3859,0.17646723494351768
3860,0.3982393740962036
3861,0.14643219309505895
3862,0.03841548906106868
3863,0.22020423991943983
3864,0.043665146557518734
3865,0.07814541493819095
3866,0.09647495824463465
3867,0.029419053572474194
3868,0.23155667841332536
3869,0.18755344692604736
3870,0.14266430082815987
3871,0.0896786794410114
3872,0.2052897346629693
3873,0.1876977905737764
3874,0.05858286642561472
3875,0.06640235055736977
3876,0.10568576060818752
3877,0.21113199499149746
3878,0.005197359140466415
3879,0.0887453752063016
3880,0.22844392727484733
3881,0.12171195482711315
3882,0.8115284773741765
3883,0.11156567358817912
3884,0.20607753222505706
3885,0.2073741305868263
3886,0.19398147786737802
3887,0.17476435291538525
3888,0.22668510145767898
3889,0.12419608046302952
3890,0.15886573289588707
3891,0.053756833277955954
3892,0.03576714384582184
3893,0.22400766742394315
3894,0.05308915138017493
3895,0.20928925139256055
3896,0.23359098660460445
3897,0.3223590565476522
3898,0.17616777939279896
3899,0.07171021833638147
3900,0.06976194428675546
3901,0.032398471300362885
3902,0.35341977491385657
3903,0.0139916989317895
3904,0.09998140899813938
3905,0.17041331521396932
3906,0.011316367298238959
3907,0.19992787573193435
3908,0.27389666486931363
3909,0.0022877534814496002
3910,0.23038981054426164
3911,2.5049561871668973e-05
3912,0.3532067702175326
3913,0.17531933474728265
3914,0.0037447293471024523
3915,0.09621807177309818
3916,0.1619130374082705
3917,0.06425509594472312
3918,0.11919064142602116
3919,0.00020727522552223718
3920,0.16456810039463257
3921,0.09488331277466729
3922,0.004571432425385201
3923,0.20218470994698598
3924,0.10230590224315167
3925,0.19479923493796786
3926,0.3812494925289357
3927,0.008364338247445775
3928,0.13797415058904178
3929,0.11632483626417635
3930,0.165423661672361
3931,0.057486671093233695
3932,0.0029718992001398323
3933,0.469967744354296
3934,0.22236257350097663
3935,0.21081710522673716
3936,0.16537814184438424
3937,0.08616710907297655
3938,0.7612154211486213
3939,0.03532415848130427
3940,0.6645931664564204
3941,0.7252998969720678
3942,0.22688852245576288
3943,0.3237504732739353
