bill_id,GB_Probability
26,0.24367645595881393
27,0.6274932137573819
28,0.1905994116094453
29,0.19576613473382173
30,0.07873062120171087
31,0.30830685346386844
32,0.47163790720609955
33,0.7549308594563441
34,0.0969762574445639
35,0.15652490409498107
36,0.16043923026650617
37,0.1234861616888692
38,0.05086892226444681
39,0.12333423599525667
40,0.14380188590699278
41,0.1338784519784422
42,0.061144573486994994
43,0.06339558336302226
44,0.454672198995492
45,0.5874773918897637
46,0.08884763347482594
47,0.8926622094043996
48,0.05335912292470002
49,0.2661137867198851
50,0.1910518152492994
51,0.24611215783867155
52,0.1314036829302808
53,0.49905172313308105
54,0.06339558336302226
55,0.9548781695066532
56,0.06339558336302226
57,0.2622202063874362
58,0.15683829159939705
59,0.07321263342907833
60,0.06743813064880216
61,0.20050871550917507
62,0.09118692225513737
63,0.17116349256496236
64,0.05606412586159982
65,0.1314036829302808
66,0.06743813064880216
67,0.4153599556086991
68,0.15085767792037474
69,0.34885036849698703
70,0.1314036829302808
71,0.06743813064880216
72,0.057003561639746736
73,0.4109560814206245
74,0.3995240404894143
75,0.1761853817330868
76,0.10117681286931168
77,0.06339558336302226
78,0.11664059210607232
79,0.6891374434817916
80,0.10637153725307652
81,0.1234861616888692
82,0.18108165500747292
83,0.1314036829302808
84,0.25751855553171427
85,0.1314036829302808
86,0.3696532162109288
87,0.16489753627889656
88,0.03558319231442513
89,0.09782528968722706
90,0.6036102306476047
91,0.06339558336302226
92,0.06339558336302226
93,0.28426591229974935
94,0.1741937812333372
95,0.08641700273475547
96,0.10710730050978237
97,0.6389904825942844
98,0.0873307230632036
99,0.19344025279957094
100,0.15801886443116422
101,0.1314036829302808
102,0.13415685548145542
103,0.06511960442791087
104,0.3393083850556794
105,0.1860679209766796
106,0.1314036829302808
107,0.2612210985116295
108,0.2050201514560554
109,0.6561937045028569
110,0.1227853241551342
111,0.05196013512695371
112,0.1314036829302808
113,0.1810088544445018
114,0.2823707847107378
115,0.4243803169345075
116,0.07178285291347986
117,0.06339558336302226
118,0.26144271414425224
120,0.06743813064880216
121,0.5943096915042272
122,0.1314036829302808
123,0.10770628669720389
124,0.14013045377695388
125,0.8480014546112604
126,0.8592056192779064
127,0.2795367425103926
128,0.8627006727040518
129,0.17520319795689684
130,0.2062447048110239
131,0.06743813064880216
132,0.1314036829302808
135,0.1314036829302808
136,0.05606412586159982
137,0.9279093270029721
138,0.040460006227683365
140,0.9564649664386469
141,0.06743813064880216
142,0.06743813064880216
143,0.3944979971532032
144,0.5947155024827011
145,0.07689336457879983
146,0.8624111001673702
147,0.22810365528245155
148,0.12323527576933163
149,0.06743813064880216
150,0.4932030345567483
151,0.1463146372415559
152,0.14575526053733356
153,0.1314036829302808
154,0.1314036829302808
155,0.1314036829302808
156,0.28247600899354075
157,0.06743813064880216
158,0.22297022697987123
159,0.15582247342089425
160,0.5361220998830645
161,0.483932944953718
162,0.24601329544081496
163,0.972080855307391
164,0.7777140620763571
167,0.030270542744778906
168,0.1314036829302808
169,0.1314036829302808
170,0.1115807187118558
171,0.06743813064880216
172,0.1314036829302808
173,0.06339558336302226
174,0.1314036829302808
183,0.46805599582047086
184,0.15483753041382936
185,0.16043923026650617
186,0.07036994499599682
187,0.5724052823041581
188,0.3463730738833056
189,0.275510827900233
190,0.19904523741932603
191,0.10987417019284267
192,0.6807226704189514
193,0.8838634644094562
194,0.8479664444959115
195,0.7890352819352334
196,0.5536999193669366
197,0.8926622094043996
198,0.19576613473382173
200,0.19629807521085885
201,0.18268828125882552
202,0.6698983077535927
205,0.8844173725004272
206,0.9348054058556877
207,0.7655498662470183
208,0.9667463503202449
209,0.9515011987761859
210,0.6982078703698164
212,0.9515011987761859
213,0.17750935602187168
214,0.17116349256496236
215,0.9073384059086202
216,0.8770406790763215
217,0.12939245750956735
218,0.9515011987761859
219,0.9240156515931456
220,0.23139450623036084
221,0.8685153181809406
222,0.12117316305467259
223,0.3536497715929595
224,0.14380188590699278
225,0.043266059193429095
226,0.1314036829302808
227,0.07057917082657672
228,0.06757557617570074
229,0.1658726961670973
230,0.2558570325097364
232,0.08502235320094567
233,0.14528015061255284
234,0.02468200672761018
235,0.12162168144668452
236,0.04794906661371433
237,0.09198186518273196
238,0.14997983159042205
239,0.04868387244228355
240,0.35085582651008096
241,0.11676890579776267
242,0.26376869193089275
243,0.6487747114094053
244,0.09159510762776216
245,0.06743813064880216
246,0.11655790125264555
247,0.036143118817574586
248,0.06623711557688737
249,0.03924555312218316
250,0.1314036829302808
251,0.6821975264361126
252,0.21822437240033302
253,0.12347264720004061
254,0.057803933734848816
255,0.037181151705749725
256,0.17162680251206788
257,0.1302102801293336
258,0.213621122871037
259,0.8479664444959115
260,0.03229108589859761
261,0.06552206859241617
263,0.06339558336302226
264,0.29212907397803856
265,0.04339907730188831
266,0.17641897397454628
267,0.09750720100457062
269,0.40664308859419246
270,0.8569381805870502
272,0.2894768577663059
273,0.060862985032356924
274,0.04968603269897839
275,0.17116349256496236
277,0.17403521377726164
278,0.0816949475966563
279,0.2894768577663059
280,0.6691855688980496
282,0.06365160909048985
283,0.1448563156313714
284,0.16503449399018053
285,0.12107788567226757
286,0.10690012435877036
287,0.8900141478142096
288,0.11265058928682622
289,0.20626449179266393
290,0.25539450367027694
291,0.9472133415187451
292,0.22600455733046493
293,0.04618846022165029
294,0.05801933703328138
295,0.03144281679244572
296,0.01603681396725141
297,0.1723749151775935
299,0.058060043775273476
300,0.059612697957333885
301,0.03523024636043842
302,0.27223120595123657
303,0.9444108059757519
304,0.14904721560342707
305,0.0735614351334819
306,0.08297522519093102
307,0.22168095010710348
308,0.013155544219642327
309,0.05773683945246026
310,0.03144281679244572
311,0.11390057926855114
312,0.049030862870656326
313,0.05170608753346996
314,0.13826611095066998
316,0.41846192554509426
317,0.026335288605406293
318,0.04715332827204165
319,0.050774260566115184
320,0.10739419903385537
321,0.16559506080676403
322,0.05773683945246026
323,0.5042121262148697
324,0.02274317146131268
325,0.02468004521508012
327,0.175547659339792
328,0.7450411591871364
329,0.14495894870142303
330,0.050079532879846934
331,0.4409508478211248
334,0.2985991750263426
335,0.09898203841163707
336,0.29990305942927203
337,0.25384986968146345
338,0.05072766172426205
339,0.29408636462064436
340,0.10977981268379645
341,0.7586403075249699
342,0.18906628510736756
343,0.06179818235878066
344,0.1956060325250391
345,0.1831068025476741
346,0.09100413215929926
347,0.1015463510460031
348,0.12405893231363312
349,0.08558966647242136
350,0.25823087292639635
351,0.13333375795500602
352,0.150807629752014
353,0.2410681411679887
354,0.16819140038735603
356,0.7516621388758044
357,0.29322622010654925
358,0.11032292571337939
359,0.3084220245719311
360,0.9042249206056492
361,0.8250895473260741
362,0.29782612377867046
363,0.06684106051609237
364,0.11487607477364632
365,0.26073383963825975
366,0.25232670007537333
367,0.21588622865644422
368,0.032795169839190376
369,0.12718723386568392
371,0.9126375075667756
372,0.7124167502925346
373,0.09100413215929926
374,0.14905536026361985
377,0.5597757117576838
380,0.4640984309088113
381,0.8351488340615346
383,0.25811711102827334
386,0.6130313279745715
394,0.14764476412905514
395,0.651064756833054
396,0.0962630107647394
397,0.17723117995552642
398,0.38093792488064393
399,0.18183652842180617
400,0.1047783619293893
401,0.1587675383360284
402,0.05149705643328873
403,0.09105059501478141
404,0.6130313279745715
405,0.08896188326718016
406,0.1020502928047487
407,0.11234038530424863
408,0.17152675917954419
409,0.05072766172426205
410,0.252627420605807
411,0.048741884626290165
412,0.4506094937844315
413,0.0503085246739739
414,0.1125240148160071
415,0.07832839224409822
416,0.03426735935923353
417,0.021982718398392803
418,0.17125122796172038
420,0.341150021185684
421,0.2857400674430428
422,0.08278402239471494
423,0.24706314977667504
424,0.29546543104109785
425,0.1125240148160071
426,0.5508290865832333
427,0.35711635298824773
428,0.29546543104109785
429,0.0753774562545814
430,0.1853883780278699
431,0.2769453863742942
432,0.13642759758764553
433,0.03426735935923353
434,0.0361384562174983
435,0.09712752800679113
436,0.09788680297724471
437,0.030608891078621386
438,0.29774352855393166
439,0.13224879850444843
440,0.0730034287733273
441,0.2295377251394429
442,0.19409620873123318
443,0.5229916589379746
444,0.3231020812314523
445,0.04471483808653688
446,0.14696245497332222
447,0.5316925152233832
448,0.0717846688531308
449,0.2563319936577806
450,0.11449077347691486
451,0.0753774562545814
452,0.21852416486584586
453,0.0848874355407056
454,0.3236109436356358
455,0.9582073718481804
456,0.36128569499018043
457,0.061836498493878976
458,0.13305468933186568
459,0.03836912697904825
460,0.17413096237602887
461,0.12636909154333675
462,0.5306467031768122
463,0.9684971022357944
464,0.07044546716677984
465,0.3219707750344822
466,0.47474041603124645
467,0.6298331955120651
468,0.06205414525754884
472,0.24548267562811987
473,0.21277847464430627
474,0.15605014906324408
475,0.1547093225086644
476,0.05646051497522666
477,0.1551317848397488
478,0.14792076768344378
480,0.10108528472375375
481,0.09086518500371721
482,0.3814803175246266
483,0.3047784035091527
484,0.16235201967306476
485,0.19703870327906806
486,0.3411279040282451
487,0.2517990616011356
488,0.21065515753551825
489,0.04216378140781017
490,0.2809632928141972
491,0.13370950205379725
493,0.019784857452373784
494,0.22632428550113837
495,0.30563811933042834
496,0.03672243373395725
498,0.21978404417508288
499,0.027304224732117185
500,0.11997724895103952
501,0.7406576447827107
502,0.07125340871772176
503,0.13432135917791507
504,0.03850990374075165
505,0.07307911974504833
506,0.04794660130090851
507,0.024310343798298866
508,0.016598087170532353
509,0.22551346785924326
510,0.10464147808064615
511,0.10506530447097695
512,0.7073057756266379
515,0.010417393087354116
516,0.04572701304350714
517,0.05478709460865659
518,0.19983705044128217
519,0.04590425409550491
520,0.054852832078249265
521,0.056171254520175955
522,0.07253429945090066
523,0.1730117754082468
524,0.03659170827585285
525,0.12336361607960905
526,0.15694436435823647
527,0.02535467982125212
528,0.15605014906324408
529,0.09980885674767286
530,0.08050003986565618
531,0.25654549037713026
533,0.8250895473260741
534,0.30005188665934535
535,0.9405497082267593
537,0.6620769244132846
541,0.7850533538055747
542,0.3462367165327201
543,0.14298014978187656
544,0.8198487494163624
545,0.5315566827724312
546,0.47960299253271205
547,0.6558459526757668
548,0.3410475234780696
549,0.08474314596451421
550,0.3595806709647224
551,0.08041251547504207
552,0.08091182558273124
553,0.3473332874826642
554,0.6130313279745715
555,0.14774600125803009
556,0.08981442301952987
557,0.40934074496626655
558,0.3814803175246266
559,0.2916650267567517
560,0.774961436117049
561,0.10578909342388125
562,0.21588622865644422
563,0.6828902181614607
564,0.8676764471207493
565,0.1713600019571032
566,0.9382261661794509
567,0.3462367165327201
568,0.36755730683268945
569,0.5684376793770464
570,0.20349375522871563
571,0.4030043115661627
572,0.21984685119385544
573,0.33225496336208554
574,0.05630601102168363
575,0.2918135221173722
576,0.1335513112901624
577,0.31465734768655645
578,0.17460252634805815
579,0.03525349069525842
580,0.06906855191464141
581,0.129510804269786
582,0.15688524814617172
583,0.028656097190697456
584,0.0753774562545814
585,0.060653237264364945
587,0.22991432562123543
588,0.06037434051482431
589,0.08392998525534942
590,0.1813432496792382
591,0.125927633572619
592,0.1375587986738845
594,0.043957091939693625
595,0.13296080952030082
596,0.14855711817793008
597,0.07048495473248102
598,0.10501605451341822
599,0.10462862440860203
600,0.256980467947955
601,0.27168709469780755
602,0.1854349471914694
603,0.17925903558359702
604,0.07229428538237335
605,0.034683759071632965
606,0.13051215210509048
607,0.23600761410774554
608,0.030608891078621386
609,0.7906042105079746
610,0.08034182089753493
611,0.21358803709904298
612,0.0217781257852955
613,0.18842614788989848
614,0.08421478445301829
616,0.07706916190057941
617,0.065719968102984
618,0.026937449796114465
619,0.16052839048998388
620,0.023069735656415877
621,0.33360291104310186
622,0.25536891350265256
623,0.1017464499797917
624,0.11805166148075179
625,0.9056035619378527
626,0.017495302426635818
628,0.15978702721792826
629,0.051426884323842584
630,0.11921562356450655
633,0.02130561723595718
634,0.06455448228171141
635,0.017847665669679665
636,0.9422809373523362
637,0.10403629543952078
638,0.08214375661580219
639,0.052567464516048774
640,0.022611793895377347
641,0.8717760111874443
642,0.455702880626358
649,0.4579996604747154
650,0.1536920123435309
651,0.024001533333781373
652,0.1322663023772029
655,0.09661421786644792
657,0.19309064189604574
658,0.044138113109909165
659,0.06280199257788198
660,0.5541205786123347
665,0.42070794993662236
669,0.28720895705013927
671,0.7884963740835587
680,0.72084387180515
682,0.8939304736477984
683,0.971236421025376
684,0.0352968847608441
685,0.02274408922821658
686,0.18104791601279197
687,0.22903163277647925
688,0.34105606348286377
689,0.18104791601279197
691,0.06759775386374293
692,0.2490028520681611
693,0.4211314773312564
694,0.05444893025348841
695,0.5663280412555564
696,0.07736898688117183
697,0.23460431936348392
698,0.051872516540196346
699,0.08242510902700789
700,0.0491149847243268
701,0.24762125276935124
702,0.6347261180894663
703,0.02706773573730098
704,0.17920437223337854
705,0.08794601450369686
706,0.08021218513481208
707,0.22327513270286992
708,0.23795095632550428
709,0.1359377122240404
710,0.3165909790400345
711,0.14162285424732143
712,0.09589677501215178
713,0.26472714470788894
714,0.18410431124665158
715,0.05404831126129459
716,0.2388453266425437
717,0.27654141498737317
718,0.04007651014353674
719,0.10099116842461635
720,0.17727857292918855
721,0.10527045329129267
722,0.24589435629220868
723,0.08021218513481208
724,0.12295974637976245
725,0.17655332277517813
726,0.2985329420040459
727,0.13930828152800703
728,0.2873323714957309
729,0.11673504215885935
730,0.16742318658140093
731,0.17727857292918855
732,0.27338970149285885
733,0.24739798286941092
734,0.1918080492939743
735,0.1025080644815236
736,0.08630782551855526
737,0.14555500683344508
738,0.05908377234819628
739,0.04050171671584426
740,0.768968295038571
741,0.8603639533509658
742,0.045950137756679076
743,0.9694085522919731
744,0.08021218513481208
745,0.3405158200833508
746,0.29374462688795855
747,0.0432039132122088
748,0.24274478845266673
749,0.23430739968059355
750,0.07310845712717792
751,0.09589677501215178
752,0.06783455219550868
753,0.41737605862243776
754,0.7588468250752114
755,0.055151504362493504
756,0.10706759815299788
757,0.014768048548156042
758,0.35216161041966226
759,0.04907513058552114
760,0.027814564407811306
761,0.971236421025376
763,0.1199808483180296
764,0.055047550514571345
765,0.6310979759443882
766,0.5921807672587812
767,0.3723861498564591
768,0.06560989492353544
769,0.07533367607870207
770,0.42227151859979956
771,0.14555500683344508
772,0.06759775386374293
773,0.052195780145859565
774,0.04907513058552114
775,0.09526289206687105
776,0.3209628427707405
777,0.21789710250445726
778,0.06759775386374293
779,0.07533367607870207
780,0.10664043057218114
781,0.09080575878542069
782,0.12906282546764394
783,0.34574513407283985
784,0.042403627679686966
785,0.09239323110870568
786,0.17727857292918855
787,0.10169015384762112
788,0.25221160873851317
789,0.0739845297333642
790,0.04048315249376376
791,0.22942688099284325
792,0.0807292039490057
793,0.10498877674002745
794,0.3062199010501467
795,0.04314450782759284
796,0.06614659249489095
797,0.06958667475940676
798,0.8129525671411368
799,0.6972741294547959
800,0.24934456492102114
801,0.11403719504463822
802,0.19736885752941877
803,0.054177075692499556
804,0.11393260390743275
805,0.8649294770216304
806,0.9911279814597034
807,0.443341781334229
808,0.8301014671428619
809,0.06555601449776449
810,0.08367388360720969
811,0.16765658606372877
812,0.02756381427898008
813,0.09773762653901842
814,0.09876318943132718
815,0.3440616317444457
816,0.08276048927358878
817,0.8979148809120602
818,0.4695962437399813
819,0.05459809066132582
820,0.08371557067301592
821,0.2802921446215852
822,0.15496409418011134
823,0.48000562450347717
824,0.09310944406961937
825,0.0839387882665302
826,0.2352940837553221
827,0.1657790982606423
829,0.05121847399505146
830,0.6579594874707797
831,0.07533166056753043
832,0.12211839085332672
833,0.44258353563585834
834,0.08395650288554232
835,0.2772704304729916
836,0.985940548277683
837,0.4408888480982325
838,0.047693829505464636
839,0.05449224606671401
840,0.07273240120312895
841,0.23460431936348392
843,0.03589894260649142
844,0.03197577470676538
845,0.09498532822803632
846,0.31759851023560787
847,0.3161176946104886
848,0.3161176946104886
849,0.13218543915462455
850,0.17715304244150373
851,0.02123165447066322
852,0.16750525648306275
853,0.9423728082970318
854,0.0477258765086396
855,0.02164471989769458
856,0.05442861268453661
857,0.1844519622156208
858,0.13270424882279047
859,0.17727857292918855
860,0.028616840434174742
861,0.09025268774759865
862,0.581668367332061
863,0.05763378587414073
864,0.13685766596282625
865,0.24214459574791244
866,0.2519975085701371
867,0.13124779606630196
868,0.028350507162985445
870,0.5517707761511402
871,0.04050171671584426
872,0.2221734866646907
873,0.922102857829541
874,0.039813026858054164
875,0.07332599022136428
876,0.051995099198222226
877,0.5266907868326931
878,0.022373980702960105
879,0.22030245437701873
880,0.06280199257788198
881,0.0746347776767068
882,0.9366357751225958
883,0.14555500683344508
884,0.06560989492353544
885,0.05337007830622372
886,0.05839129256958056
887,0.020527213352079098
888,0.12906282546764394
889,0.07817654176582263
891,0.22433378614824573
892,0.10397624237261767
893,0.028350507162985445
894,0.10844011111366259
895,0.04050171671584426
896,0.0890745025433431
897,0.17727857292918855
900,0.06094540614576333
901,0.026436036901442996
902,0.1430581256305653
903,0.054974838704726386
904,0.08057925257601492
905,0.28496653726580395
906,0.048958046966541074
907,0.07713877910680404
908,0.27106479133577854
909,0.033318842749977116
910,0.04620467112203791
911,0.08021218513481208
913,0.06694386718838828
914,0.051940883079039164
915,0.0352968847608441
916,0.06783455219550868
917,0.32432574466869785
918,0.6308030765362923
919,0.034474363407725216
920,0.22677887400987326
921,0.5013921299545246
922,0.23460431936348392
923,0.02123165447066322
924,0.02980709362690851
925,0.05488474329051241
926,0.1429887811939748
927,0.07533367607870207
929,0.028350507162985445
930,0.037722744324481215
931,0.1725532807225492
932,0.9563654219774711
933,0.08121526045931474
934,0.05450825547126801
935,0.05450825547126801
936,0.05450825547126801
937,0.05450825547126801
938,0.05450825547126801
939,0.05450825547126801
940,0.05450825547126801
941,0.05240960365816886
942,0.07034627098262584
943,0.027426983810754948
944,0.03257861024790141
945,0.06775023007557722
946,0.037013824657619876
947,0.06185119740743036
948,0.06923668361017629
949,0.029519287008606572
950,0.052065512666062165
951,0.038164203155013295
952,0.04034597016177581
953,0.03203240294431752
954,0.02123165447066322
955,0.18104791601279197
956,0.17727857292918855
957,0.09054629875483848
958,0.27448145172700034
959,0.028052870247390543
960,0.9439869090680694
961,0.06334117582004137
962,0.7226580571872754
963,0.12904654888134104
964,0.09366911354841556
965,0.04831898390958893
966,0.09821686951749414
967,0.03184840723376975
968,0.05238273143131207
969,0.12327282440995432
970,0.031108705851576626
971,0.9755657245540297
972,0.04238278828543265
973,0.021506685598165577
974,0.20005608356273072
975,0.025008058688105794
976,0.031108705851576626
977,0.017445874159958488
978,0.028123500208485377
982,0.43712383914271435
983,0.4974791335596759
985,0.2574527906176648
986,0.4131582195089479
987,0.34348038287911
988,0.07922907572031757
989,0.07341775057371246
990,0.07922907572031757
991,0.07922907572031757
993,0.9772684516029241
994,0.19780532858600108
995,0.07922907572031757
996,0.2660177363607201
997,0.07922907572031757
998,0.07922907572031757
999,0.07341775057371246
1000,0.2660177363607201
1002,0.21505290394415236
1004,0.07341775057371246
1005,0.07922907572031757
1006,0.07922907572031757
1007,0.07341775057371246
1008,0.07391810751911335
1009,0.2660177363607201
1010,0.2660177363607201
1011,0.4942763940452407
1016,0.21688962285966387
1021,0.07009249731189393
1022,0.2660177363607201
1023,0.2660177363607201
1024,0.07922907572031757
1025,0.0830491799815843
1026,0.31697107321050527
1027,0.2058251659507893
1028,0.6539327792551947
1029,0.05141573763855149
1030,0.5469261495275098
1031,0.3079072588502493
1032,0.0522556763756642
1033,0.3791651989790751
1034,0.04831898390958893
1035,0.14220137874555286
1036,0.04971375123935703
1037,0.5682975830198883
1038,0.2770019772271733
1039,0.03677193943664423
1040,0.08357222153974027
1041,0.03748389118308767
1042,0.2660177363607201
1043,0.025008058688105794
1044,0.5703507652881167
1045,0.3173650093051868
1046,0.2696940251139546
1047,0.22573687128764022
1048,0.36107166719693146
1049,0.1431047395616529
1050,0.05594536238057917
1051,0.034717498049517966
1052,0.07683423641100084
1053,0.09136908829464668
1054,0.02100000477329472
1055,0.034717498049517966
1056,0.05579142122268464
1057,0.06786179089779262
1058,0.06743879726061358
1059,0.031338435661747994
1060,0.02496325834542571
1061,0.20977091133194944
1062,0.06456314743643794
1063,0.05876664579450241
1064,0.06456314743643794
1065,0.03184840723376975
1066,0.07922907572031757
1067,0.15379380992341574
1068,0.08530779353549944
1069,0.09113841625733665
1070,0.16307950694471274
1071,0.9366357751225958
1072,0.05444893025348841
1073,0.04079311163381976
1074,0.13391511624355223
1075,0.03305196284283011
1077,0.23460431936348392
1078,0.0717456083427799
1079,0.054974838704726386
1080,0.031390584331528526
1081,0.8789493631834951
1082,0.13283555031287436
1083,0.09025268774759865
1084,0.489945685697036
1085,0.028616840434174742
1086,0.6830700940964725
1087,0.3738677536843071
1088,0.10900043865713299
1089,0.14085495040209087
1090,0.5030100820934592
1091,0.07216993853494429
1092,0.05751295460641709
1093,0.046680298871290764
1094,0.19780532858600108
1095,0.33476246504505924
1096,0.043472671051842104
1097,0.48421214357049097
1098,0.1425877956123968
1100,0.027411506611795502
1101,0.21100519747352145
1102,0.028123500208485377
1103,0.05737695466198369
1104,0.23313272852225067
1105,0.17893737298902082
1106,0.07292062502126301
1107,0.7122555892887288
1108,0.031108705851576626
1109,0.10297624223660827
1110,0.7951694216054527
1111,0.5626643152353346
1112,0.7226878845742228
1113,0.1692336805001083
1114,0.13244683687734946
1115,0.061722587784405
1116,0.09214365550197641
1117,0.06024727119020769
1118,0.07736898688117183
1119,0.0492307655406338
1120,0.03540665923030562
1121,0.06098153699560139
1122,0.1692336805001083
1124,0.1453114633262234
1125,0.1738123208072518
1126,0.9184890249721527
1127,0.052623776224458726
1128,0.26573574376509185
1129,0.08283352930341716
1130,0.061722587784405
1131,0.02980709362690851
1132,0.10427797396202333
1133,0.009222731119385524
1134,0.028616840434174742
1135,0.8543859718528521
1136,0.061722587784405
1137,0.12933421504814213
1138,0.22372714710429345
1139,0.31285022926398004
1140,0.21610896098553098
1142,0.21243862519689563
1143,0.11877944630303584
1144,0.029369206553722355
1145,0.30545147575115555
1146,0.018593675021666593
1147,0.033250717511101
1148,0.1587696975741613
1149,0.9798739326294518
1150,0.036546977919281645
1151,0.2595346231594184
1152,0.07002950573993001
1153,0.7040943392716194
1154,0.1316327166404226
1155,0.11786438399617553
1156,0.04194095997207149
1157,0.05711568394537543
1158,0.9612774713973197
1159,0.22139357257783232
1160,0.1385565060152261
1161,0.18960102647598082
1162,0.22241677128907966
1163,0.18334044086853996
1165,0.3290498030254409
1166,0.23502588980194394
1168,0.49679494048877715
1170,0.9240355938247041
1171,0.19640935324908854
1172,0.2099098507383024
1173,0.05952262167869578
1174,0.22677887400987326
1175,0.1385381217237991
1176,0.04807664930700359
1177,0.8127733167997973
1178,0.9350353843460001
1179,0.3559020335107267
1180,0.6569421843165446
1181,0.07817654176582263
1182,0.13914898390380778
1183,0.07031244165520024
1184,0.05711568394537543
1185,0.044440022355274625
1186,0.27023127118556806
1187,0.08523551727401489
1188,0.2169635893330709
1189,0.015902484716462422
1190,0.0727100186276694
1191,0.20450660301576523
1192,0.06548162617024038
1193,0.13259771221657668
1194,0.034753531445426505
1195,0.08794601450369686
1196,0.061614924216707084
1197,0.04504319793552888
1198,0.23481992328857948
1201,0.03927724658010117
1202,0.15292623421750248
1203,0.1549696185511193
1204,0.4955897743687355
1205,0.2123346934726122
1206,0.15796421932824412
1207,0.021624871698218723
1208,0.010254166401249482
1209,0.03131967753079057
1210,0.09026891629548445
1211,0.03842176121121199
1212,0.23209302657417127
1213,0.052408162379186586
1214,0.026562839544594655
1215,0.13395789756632312
1216,0.3327938042694249
1217,0.09190595023010194
1218,0.46372724407596716
1219,0.0191790646974511
1220,0.3750665021114998
1221,0.2824948431132434
1222,0.07990654532558507
1223,0.09778748039682368
1224,0.17863291194988348
1225,0.06239990806091077
1226,0.22014783270100627
1227,0.15878828061563788
1228,0.04799651739872037
1229,0.09635739773313018
1230,0.21653469801805414
1231,0.28994154382663984
1232,0.037588358106288
1233,0.11441025742729517
1234,0.06843453068036075
1235,0.21982069603648297
1236,0.0894792899175705
1237,0.09188355561054005
1238,0.21503171112453381
1239,0.15096213709281803
1240,0.19834220290052512
1241,0.06316095026885203
1242,0.26189930420572316
1243,0.1720178034678632
1244,0.13780296102285283
1245,0.5977589923553387
1246,0.16588827037899642
1247,0.09665051934158637
1248,0.2676245594099475
1249,0.2234376891165401
1250,0.2596191770688003
1251,0.07578608322858078
1252,0.15881072083987802
1253,0.09190595023010194
1254,0.06316095026885203
1255,0.1760258718451516
1256,0.11809188751482741
1257,0.046074830636036915
1258,0.04629786732743199
1259,0.06316095026885203
1260,0.17834771676010788
1261,0.03069939056127989
1262,0.019487189983310078
1263,0.037358021736698034
1264,0.022257590023347592
1265,0.0191790646974511
1266,0.07990654532558507
1267,0.1272510215700551
1268,0.050569013824105
1269,0.04710982413438359
1270,0.10677311326344127
1271,0.019391476189115495
1272,0.28593806562646634
1273,0.018038698281959628
1274,0.9289562085395987
1275,0.051489000107837316
1276,0.9116452125632865
1277,0.06623407783425021
1278,0.08772781912947834
1279,0.21218146858282952
1280,0.6486538363823295
1281,0.06866629273721558
1282,0.9013731618722879
1283,0.025791128096690076
1284,0.0230804865139289
1285,0.05271534721883253
1286,0.16034053646066745
1287,0.16288128606001048
1288,0.03122359170793003
1289,0.06629999733082155
1290,0.0239968388196915
1291,0.038277722742191836
1292,0.018837072520434567
1294,0.15161221028565694
1295,0.1307833680711035
1296,0.02307222615476057
1297,0.08492494790793148
1298,0.45741370322450686
1299,0.10281053267196466
1300,0.4821942252484286
1301,0.018593675021666593
1302,0.12305532360478084
1303,0.08243999396957546
1304,0.06271307061954964
1305,0.06041290127169752
1306,0.09026891629548445
1307,0.03013427352007747
1308,0.028041395901360372
1309,0.2152991118887544
1310,0.04550095338653639
1311,0.05925269099499893
1312,0.028910765569057265
1313,0.5639791846778887
1314,0.16034053646066745
1315,0.03122359170793003
1316,0.4292427212070836
1317,0.16491311651160004
1318,0.03138567983704229
1319,0.059898907168739204
1320,0.04231781741411851
1321,0.05747295095322933
1322,0.06094966908520503
1323,0.25085882407656973
1324,0.11312268809998573
1325,0.22471113219928476
1326,0.1254909980018409
1327,0.06604243752003042
1329,0.09190595023010194
1330,0.052310255846460804
1331,0.04230310323558946
1332,0.07123237218825555
1333,0.06515299374785251
1334,0.027717278327644427
1335,0.01257554684331162
1336,0.08663798261843973
1337,0.3110533965658475
1338,0.8535166934187254
1339,0.11851512896724484
1340,0.08216624116313348
1341,0.04143193961540928
1342,0.14549992806590745
1343,0.17624246012040362
1344,0.060643690124853884
1346,0.05220555828096953
1347,0.026232663229085768
1349,0.039463121475256636
1350,0.18694094573622175
1351,0.037173690004571026
1352,0.7679557705871163
1353,0.036437011278278864
1354,0.05062581552037009
1355,0.01731779641229783
1356,0.29024883059183165
1357,0.9120194603846477
1358,0.016713294819363064
1359,0.03310973814516279
1360,0.9482952883312367
1361,0.035234852084458035
1362,0.12767948324873363
1363,0.06994964037848997
1364,0.10278756956316519
1365,0.04643213983571637
1366,0.031677348174988317
1367,0.03939326001064389
1368,0.09506480011139212
1369,0.036280858022530844
1370,0.03927724658010117
1371,0.11521324258667812
1372,0.036280858022530844
1373,0.14345803344087976
1374,0.036280858022530844
1375,0.8862894703172985
1376,0.870141560031171
1377,0.5472659918349032
1378,0.9552085627281915
1379,0.17448696861613594
1380,0.12512600639322283
1381,0.024281598334067078
1382,0.08519316517551578
1383,0.039463121475256636
1384,0.053930088466275235
1385,0.013348121059773599
1386,0.2484915574559649
1388,0.0383050336647717
1389,0.18272502370570778
1390,0.024889983281470924
1392,0.028290216238532784
1393,0.019847636802556714
1394,0.053959427773649225
1395,0.0357379009478775
1396,0.16608396613855547
1397,0.017965418953702076
1398,0.28802762758245515
1399,0.09454824457636539
1400,0.040338442234049664
1401,0.09060992089020825
1402,0.036280858022530844
1403,0.029604925094543866
1404,0.021634174857277266
1405,0.03122359170793003
1406,0.21048087434391585
1407,0.056539189293172136
1408,0.02258681337344754
1409,0.22538970598392044
1410,0.6198752444257103
1411,0.5212195372462848
1412,0.038802937633169644
1413,0.024124807573603562
1414,0.19589561850005455
1415,0.42200245463999175
1416,0.3290389416658873
1417,0.048018766269336925
1418,0.04179928720980128
1419,0.8779929902403922
1420,0.41515739105077903
1421,0.07729428602154746
1422,0.1346112056271235
1423,0.03726423714452536
1424,0.04002350147808066
1425,0.040338442234049664
1426,0.07196530671345584
1427,0.28954710098862085
1428,0.06579056626592907
1429,0.14708748145236578
1430,0.2985251207555831
1431,0.03131967753079057
1432,0.9426967167814909
1433,0.03389582224523212
1434,0.03069939056127989
1435,0.0191790646974511
1436,0.016143131989361473
1437,0.01295787408820298
1438,0.07753339277334309
1439,0.036280858022530844
1440,0.028709628148614545
1441,0.03264350567551116
1442,0.08841267508148717
1443,0.05746492812681068
1444,0.024807886817694868
1445,0.41128256991046475
1446,0.1231688606885319
1447,0.18554188464988433
1448,0.2522379088495489
1449,0.15898466366528097
1450,0.17375890251471254
1451,0.07297234352048211
1452,0.10690757972232062
1453,0.0700792693844193
1454,0.1123307969264297
1455,0.05404072584237174
1456,0.30177675810240134
1457,0.2042849430961637
1458,0.028423660406371398
1459,0.019391476189115495
1460,0.01257554684331162
1461,0.03122359170793003
1462,0.17133277575704584
1463,0.0309849159678793
1464,0.4790292274898469
1465,0.06706594897878439
1466,0.08316855087153925
1467,0.07385217280915847
1468,0.1693531730030266
1469,0.31179220008422204
1470,0.029731352296833085
1471,0.1078480482616416
1473,0.5624007879498191
1474,0.02782633041796548
1475,0.019391476189115495
1476,0.01842249766792567
1477,0.04879276478422232
1478,0.0540814011028561
1479,0.09849013908123551
1480,0.03389582224523212
1481,0.5241321353878219
1482,0.03927724658010117
1483,0.3970131657631195
1485,0.0147717796388053
1486,0.009925769818352649
1487,0.22931234699051192
1488,0.24008253776330765
1490,0.042622784417336884
1491,0.042610418252682795
1492,0.17596863554093464
1493,0.03129676999145134
1494,0.07331434769460528
1495,0.04353738596863567
1496,0.008957392208288863
1497,0.12246019437786887
1498,0.141964647541495
1499,0.03939326001064389
1500,0.25085882407656973
1501,0.17614997175984431
1502,0.2824948431132434
1503,0.0758025481229492
1505,0.02408445029974025
1506,0.2294116376354459
1507,0.038802937633169644
1508,0.015337230227264699
1509,0.022718155575931164
1510,0.18087912785202662
1511,0.04967733640928724
1512,0.07671263299231076
1513,0.037079954439213796
1514,0.176886400273088
1515,0.23102944369700834
1516,0.08908958386964466
1517,0.04766076909840141
1518,0.07353574506807001
1519,0.07753339277334309
1521,0.12745875111406701
1522,0.2419461049062259
1523,0.0191790646974511
1524,0.06499786775381713
1525,0.11880427386010195
1526,0.05292051565150188
1527,0.4211037456332768
1528,0.014745039612802288
1529,0.12507412759464123
1530,0.06152908964771487
1531,0.024653785930814607
1532,0.0147717796388053
1533,0.021634174857277266
1534,0.24731621201334508
1535,0.5299112521711745
1536,0.020590891413520974
1537,0.28499216092701946
1538,0.035116556342186404
1539,0.4485040018819927
1540,0.036280858022530844
1541,0.14345803344087976
1542,0.04230310323558946
1543,0.020590891413520974
1544,0.19099953234502265
1545,0.026109228988145834
1546,0.06532794920167151
1547,0.014745039612802288
1548,0.021431394573199442
1549,0.03239809407658032
1550,0.879175235614421
1551,0.10646314594656435
1552,0.06084702163222664
1553,0.07430136769066445
1554,0.028823168693676602
1555,0.9783368790075254
1556,0.09645868553331256
1557,0.04586725995561681
1558,0.036280858022530844
1560,0.04626475671557789
1561,0.11438014082838592
1562,0.044843079096020116
1563,0.057402201516566116
1564,0.02474297042379599
1565,0.008957392208288863
1566,0.9410253767771474
1567,0.04623287390318927
1568,0.08676848420502754
1569,0.0843889974659995
1570,0.296483498958083
1571,0.914567263979368
1574,0.21037318877899436
1575,0.04563045767167585
1579,0.011393558855635857
1580,0.276811781730853
1582,0.05620296611837257
1583,0.07705781560517191
1584,0.6495837509548102
1585,0.4918001518647634
1586,0.13176556689400543
1587,0.2973514552093803
1588,0.06346406821484106
1589,0.01967659270197504
1590,0.02474928547313328
1592,0.2166624539634569
1593,0.029109301338837493
1594,0.04563045767167585
1595,0.5015902916011681
1596,0.22365866606745746
1597,0.06600967280976859
1598,0.5122405317499429
1599,0.2558983765004404
1600,0.09321957354595826
1601,0.06513375622869592
1602,0.022175284777970664
1603,0.030742507157976898
1604,0.06405918239915508
1605,0.027031089161825762
1606,0.013917177607307443
1607,0.02711802340594888
1608,0.0982560686001864
1609,0.056096117099873465
1610,0.052934638245968856
1611,0.020183869992501317
1612,0.20506610400653144
1614,0.2782821712011194
1615,0.06160423358926258
1616,0.015436408177298256
1617,0.044581160577696025
1618,0.03365514881359468
1619,0.14802234801577954
1620,0.054361000019143964
1621,0.0257851162433523
1622,0.050148886650597045
1623,0.04356767401017846
1624,0.02038824722485311
1625,0.03191030960785857
1626,0.06564997520491962
1627,0.040338442234049664
1628,0.12727189012182974
1629,0.0340222264504181
1630,0.055646600602293095
1631,0.040762604861592784
1632,0.3347793787832916
1633,0.21037318877899436
1634,0.042572891218087716
1635,0.5054233095309099
1636,0.018132791805065152
1637,0.21037318877899436
1638,0.08990678508042578
1639,0.0338999531793413
1640,0.21037318877899436
1641,0.3537150508437594
1642,0.038575040894600884
1643,0.18063191504358023
1644,0.34045088863776324
1645,0.09052661272611875
1646,0.03954416879961538
1647,0.14813447954087514
1648,0.5213876199073985
1649,0.35450347538630395
1650,0.3918500200027303
1651,0.7479135194463016
1652,0.13736545726220148
1653,0.21037318877899436
1654,0.23336809098815373
1655,0.21037318877899436
1656,0.20424201160908137
1657,0.21037318877899436
1658,0.21037318877899436
1659,0.21037318877899436
1660,0.031855697224297846
1661,0.016234187528512557
1662,0.17521567597683194
1663,0.10324311215403505
1664,0.03191030960785857
1665,0.03977349649652043
1666,0.14759907743978823
1667,0.08680487792495095
1668,0.21416192045273266
1669,0.08316855087153925
1670,0.09983583036166017
1671,0.22775165903706363
1672,0.4602248687705421
1673,0.1732109766247601
1674,0.12038543432305115
1675,0.023451155030569652
1676,0.7969704778727985
1677,0.8236642861112434
1678,0.1315184781173774
1679,0.16459947700666913
1680,0.9152077229297398
1681,0.9311117839254509
1682,0.16360916938157533
1683,0.9781000394470822
1685,0.5354773818909078
1686,0.016234187528512557
1687,0.1626917717338956
1688,0.06742996726382071
1689,0.38460947612599605
1690,0.023924111557129604
1691,0.05818621980504744
1692,0.025205414523282673
1693,0.015572075011137108
1694,0.9079547783533929
1695,0.09597641749113968
1696,0.5324593142320162
1697,0.060302258092300096
1698,0.0191790646974511
1699,0.8101812004679454
1700,0.3333427614628145
1701,0.028185625031663566
1702,0.061250888748321485
1703,0.9058121664108172
1704,0.21037318877899436
1705,0.02955021656072849
1706,0.021867639530872774
1707,0.3640524633775564
1708,0.053884373064879365
1709,0.05358925588465412
1710,0.13736545726220148
1711,0.35612871766110876
1712,0.07029591325640275
1713,0.08705769612863386
1714,0.03291633784120908
1715,0.4116128378900216
1716,0.12646444639076118
1717,0.9288696030331695
1718,0.032995977138528476
1719,0.9516251832213196
1720,0.36094412205089016
1721,0.24567450679348898
1722,0.5255028873456986
1723,0.04168551655169029
1724,0.186663556112424
1725,0.025159542016950174
1726,0.05037927814776989
1727,0.04563045767167585
1728,0.01842249766792567
1730,0.28954512664562226
1731,0.04261099715254208
1732,0.06353730102310548
1733,0.030128716237691592
1734,0.02535021579405572
1735,0.024670908056937887
1736,0.053884373064879365
1737,0.21037318877899436
1738,0.03414565233048156
1739,0.25805939263265637
1740,0.03816121476895876
1741,0.018333559439333538
1742,0.05518730193160311
1743,0.025726944505822375
1744,0.3633616173021509
1745,0.868742023857385
1746,0.15894196726915466
1747,0.016980580041591885
1748,0.03432121573087952
1749,0.9511502731623286
1750,0.048529151933433504
1751,0.4753804053573109
1752,0.03815178493436145
1753,0.21037318877899436
1754,0.08397843402176215
1755,0.11151705258888227
1757,0.09148045079853434
1758,0.05498838026983399
1759,0.06231021138101268
1760,0.9781000394470822
1761,0.020668325669087433
1762,0.21037318877899436
1763,0.03186625215119022
1764,0.23966436704801083
1765,0.02833548758340007
1766,0.05549907564955032
1767,0.04358379680081901
1768,0.02760852337466382
1770,0.04785574544454913
1771,0.033972152788497134
1772,0.09052661272611875
1773,0.1244607837403078
1774,0.33378162257155347
1775,0.37635146433276473
1776,0.23704001014455883
1777,0.6540012508183696
1778,0.026464780965180155
1779,0.06707801046574438
1780,0.0666004326217588
1781,0.058213440648924426
1782,0.1576420183163845
1783,0.06775742236172934
1784,0.02666559915471894
1785,0.016534610408679314
1786,0.04570580472382445
1788,0.04041695140033985
1789,0.21509113729190701
1790,0.2565764793883854
1792,0.0246952428511381
1793,0.09113559367303631
1794,0.018495334259861624
1795,0.1302655887558883
1796,0.047551585804310535
1797,0.060597056065638276
1798,0.061743861012738134
1799,0.05309058914505769
1800,0.6489000825830146
1801,0.037776642798182776
1802,0.3003167410826588
1803,0.017823465119658616
1804,0.013291608009372924
1805,0.010771232070931704
1806,0.08750214765020738
1807,0.043818985217497525
1808,0.16863246761512934
1809,0.24703365689343182
1810,0.0936405222265533
1812,0.032859990692506696
1813,0.02995588684693392
1814,0.06425061931402361
1815,0.1435058764233243
1816,0.04041695140033985
1817,0.04629448904327799
1818,0.0827631860075364
1819,0.011865028252909545
1820,0.058610735809462515
1821,0.04557425819059207
1822,0.09998189927460996
1824,0.04041695140033985
1825,0.0189979753910598
1826,0.018615289341805816
1827,0.20829636077039682
1828,0.06499053014592214
1829,0.07522323080202932
1830,0.04206411612268496
1831,0.023611974356038335
1832,0.06819836438514734
1836,0.5057093655646403
1838,0.3640524633775564
1839,0.3677720168985211
1841,0.014032766820942861
1842,0.2984703742613231
1843,0.06947085360210475
1845,0.20989995742065284
1846,0.28954512664562226
1847,0.07026367763670538
1848,0.03886791093304232
1849,0.5308179927694898
1850,0.2642590086648037
1851,0.02455349326853216
1852,0.10561672128612545
1853,0.29477684960160505
1854,0.5133039674050325
1855,0.28954512664562226
1856,0.4959584023619071
1857,0.03331615353658847
1858,0.9478999411165634
1859,0.4885968324202631
1860,0.08750214765020738
1861,0.7779974700828408
1862,0.16487579523549964
1863,0.353059585367786
1864,0.15367851896606816
1865,0.14813447954087514
1866,0.623344643946427
1867,0.3050289381325085
1868,0.5419788944617496
1869,0.14127454841261197
1870,0.3225264299794314
1871,0.6148563285507722
1872,0.023855255918332482
1873,0.014328923889737227
1874,0.017802211684611133
1875,0.02816957173708606
1876,0.13226692788401548
1877,0.025478712112406637
1878,0.08765724607952391
1879,0.17843416881792684
1880,0.05518730193160311
1881,0.2122790484515723
1882,0.09396086662799139
1883,0.022230458574381894
1884,0.08608871021529704
1885,0.03297358724288859
1886,0.05335748801876262
1887,0.11922043402888269
1888,0.7466971246968936
1889,0.1460258963761056
1890,0.03186625215119022
1893,0.21037318877899436
1894,0.041260019791958036
1895,0.5198534204778976
1897,0.05133477178540269
1898,0.11151705258888227
1899,0.05011487086495573
1900,0.21493553793336853
1902,0.01614786475892472
1903,0.1315184781173774
1904,0.014094243722961695
1905,0.8350802139520852
1906,0.017455734000816948
1908,0.3865679402260428
1909,0.2798773505314436
1910,0.16459947700666913
1911,0.016264657401929904
1912,0.6124288565754421
1913,0.02073715061952667
1915,0.423201617174657
1916,0.5508331666502252
1917,0.020367295629709563
1918,0.3610752811694277
1919,0.126997245935707
1920,0.30545604838333534
1921,0.021867639530872774
1922,0.3383414022460952
1923,0.0748437664202895
1924,0.02282446685670677
1925,0.045854525272167414
1926,0.10262927918928574
1927,0.14759907743978823
1928,0.6310536083222511
1929,0.08014038576524175
1930,0.48280394280206135
1931,0.0192781366417191
1932,0.14800545041089946
1933,0.2708646791420777
1935,0.027810049328148238
1936,0.10087525142951957
1937,0.34544301472330063
1938,0.2166624539634569
1939,0.0799196413432464
1940,0.05255867357232208
1941,0.025273890580104756
1942,0.01340380631593068
1943,0.13477312802870534
1944,0.0935753256102883
1945,0.1762195529740797
1946,0.15566684145630677
1947,0.05855048162251194
1948,0.3865679402260428
1949,0.057106522739233306
1952,0.21950187446901046
1953,0.033972152788497134
1954,0.060346294420221575
1955,0.11541100009798162
1956,0.03460496308486808
1957,0.05684586164124353
1958,0.01891170271761241
1960,0.049464714155515226
1961,0.032918362755398445
1962,0.5498172581310194
1963,0.08874673932487381
1964,0.9759933242983901
1965,0.02320522452199201
1966,0.13750338023874784
1967,0.03236085878144512
1968,0.27964394399944453
1970,0.9966711611869294
1971,0.021792569475708422
1972,0.1935111894576846
1973,0.05635314682037285
1974,0.016386621690933047
1975,0.013743432113337409
1976,0.05410638918391368
1977,0.24775440118013817
1978,0.035388906532160196
1980,0.3210386876430324
1981,0.029731352296833085
1984,0.3570257981493042
1986,0.045965280993825026
1987,0.032918362755398445
1988,0.19733007093659402
1989,0.6671877288792853
1990,0.03600883388013463
1991,0.02331888857389962
1992,0.029909321353025244
1993,0.14045040921762464
1994,0.17928471363912482
1995,0.07263970792040363
1996,0.2208840532301338
1997,0.09606853335842963
1998,0.16147976552550777
1999,0.04389152028526669
2000,0.04684145826626346
2001,0.011824527291255375
2002,0.5361557507465956
2003,0.023370259331075883
2004,0.13011273561006734
2005,0.035285739414339656
2006,0.031208933653955353
2007,0.054602489024840564
2008,0.05909851234246826
2010,0.033611970145440664
2011,0.05774601095963787
2012,0.11856676797075011
2013,0.024454253302764378
2014,0.4345605292047639
2015,0.8850132808509787
2016,0.08060508569649263
2017,0.13003290725206385
2018,0.060935789219687564
2019,0.010237586737313845
2020,0.2993352837106799
2021,0.018285260311502568
2022,0.025177411211835494
2023,0.044128085295090644
2024,0.0288723178637447
2025,0.015422699795112014
2026,0.022194197558536074
2027,0.055746797824225994
2028,0.06920961837603032
2029,0.34864629831191507
2030,0.011231960771704314
2031,0.04389152028526669
2032,0.03842066591867932
2033,0.09974703877417153
2034,0.016033261492336442
2035,0.055633674166954736
2036,0.05400274469715295
2037,0.05292660625839085
2038,0.048229583138545404
2039,0.034858105144145286
2040,0.04145246241722417
2041,0.08101346591434433
2042,0.09339451848928089
2043,0.15835905174509177
2044,0.06560277787926652
2045,0.12322738775764464
2046,0.7337862736031591
2047,0.011552778118710484
2048,0.11232323696603778
2049,0.06378155817954945
2050,0.07556635143248329
2051,0.030517780195688685
2052,0.025909113291870664
2053,0.033706746570136656
2054,0.017197110320097145
2055,0.3455278298425752
2056,0.05031590605807548
2057,0.01803717658872583
2058,0.5589250277911989
2059,0.2790371538597588
2060,0.20209752716713741
2061,0.03908600401625899
2062,0.09893834654449883
2063,0.7305696083241876
2064,0.14068073567963318
2065,0.05313660043122238
2066,0.26191108552010317
2067,0.03809180875112083
2068,0.022424705476873814
2069,0.09563790787894806
2070,0.06474697392513946
2071,0.03540443533507278
2072,0.013287097933304898
2073,0.10824300539860149
2074,0.030076200984752475
2075,0.047629887649933214
2076,0.7234805655457595
2077,0.04142043202619762
2078,0.1169966613740661
2079,0.11233925179137234
2080,0.04836986990537213
2081,0.11839771453480916
2082,0.047629887649933214
2083,0.15491889293196323
2084,0.157832026250323
2085,0.07882675156026649
2086,0.11096614839846156
2087,0.030319579409866914
2088,0.15012796348724802
2089,0.03024084482595904
2090,0.07110553372111965
2091,0.5260079666757014
2092,0.08797855234058188
2093,0.07961632287558389
2094,0.13070541520140871
2095,0.080118616745341
2096,0.13885866771251723
2097,0.054065190060441554
2098,0.18228156037958243
2099,0.031461180900008746
2100,0.05750724544039798
2101,0.01706076916828249
2102,0.3756181405208282
2103,0.05828558974269529
2104,0.15316724335717258
2105,0.16144870777071102
2106,0.10912824692216463
2107,0.07573265956518357
2108,0.16350518095755825
2109,0.09606853335842963
2110,0.06983019883447071
2111,0.07873889484246467
2112,0.05750724544039798
2113,0.034288387416569276
2114,0.08623430948234283
2115,0.02387326843521662
2116,0.13013010449328724
2117,0.4297776946333179
2118,0.18461353829646152
2119,0.012204646948006981
2120,0.10776356107819678
2121,0.3932378933709073
2122,0.14325247681662617
2123,0.11123621293883575
2124,0.12532766619515276
2125,0.1052767116318443
2126,0.1780095459197621
2127,0.14068073567963318
2128,0.22064272236889562
2129,0.0860048915148453
2130,0.030319579409866914
2131,0.17741762294661748
2132,0.1169966613740661
2133,0.040246503202625156
2134,0.08190893291706375
2135,0.0586834139929504
2136,0.04712008811608171
2137,0.091717627548468
2138,0.03119286063509464
2139,0.021149095276352867
2140,0.10060823820821686
2141,0.03769908187801271
2142,0.033662067654051116
2143,0.12271338353781686
2144,0.09367338399987844
2145,0.25423117702876824
2146,0.2065078250316801
2147,0.03909517871926611
2148,0.05828558974269529
2149,0.14904267625265769
2150,0.15649676824495545
2151,0.027295073770728127
2152,0.02788041270667707
2153,0.9951665031538474
2154,0.04447928165738753
2155,0.013748291381668066
2156,0.01868193383382774
2157,0.15679259501759904
2158,0.8244199230233022
2159,0.07573265956518357
2160,0.3318784701885999
2161,0.01796295574834155
2162,0.17969117180647012
2163,0.1692661252082903
2164,0.6861601691846808
2165,0.07093993866646806
2166,0.8843550023921074
2167,0.04059394938148496
2168,0.09431456381286575
2169,0.06378155817954945
2170,0.04879276478422232
2171,0.10266959683723557
2172,0.304844853346362
2173,0.026232663229085768
2174,0.6480842984579515
2175,0.22853607508227944
2178,0.044861155099078696
2179,0.014806164863127847
2180,0.9127313686346193
2181,0.9967212999116107
2182,0.2527166233585287
2183,0.016207803985352917
2184,0.14131865304363464
2185,0.02789381143176525
2186,0.033457881240688395
2187,0.48366006112235116
2188,0.028971441019857627
2189,0.21369035799286623
2190,0.018560337728940123
2191,0.5788580939571212
2192,0.6943666940350055
2193,0.04589471955775533
2194,0.01257554684331162
2195,0.32914617426447107
2196,0.07500873360187894
2197,0.13717434497420258
2198,0.028823168693676602
2199,0.10158432864263313
2200,0.03312327368640724
2201,0.05288640451496036
2202,0.11818453269932137
2203,0.04326909945043477
2204,0.6366413659260431
2206,0.07612137195492064
2207,0.08209157284060535
2208,0.04326909945043477
2209,0.022321479566299568
2210,0.22845400181628422
2211,0.15192645253163328
2212,0.022718155575931164
2213,0.06430752044337547
2214,0.9803063223582964
2215,0.019503639874763272
2216,0.1549696185511193
2217,0.10804930631364056
2218,0.053930088466275235
2220,0.11260338909468183
2221,0.10657005485801803
2222,0.020590891413520974
2223,0.04326909945043477
2224,0.6944717946266116
2225,0.005889714466227028
2226,0.19822201360707242
2227,0.06253129334731641
2228,0.8475084600831976
2229,0.26318068261719413
2230,0.353197334483773
2231,0.45052596747531776
2232,0.07246339948303895
2233,0.06948303030296037
2234,0.3901849002245618
2235,0.4612776858150699
2236,0.16711988094492675
2237,0.12410210024495479
2238,0.2569855909221184
2239,0.0191790646974511
2240,0.21815919608695536
2241,0.05118643886964244
2242,0.6985649908889927
2243,0.14127454841261197
2244,0.041550460346857464
2245,0.2512870461720284
2246,0.0191790646974511
2247,0.04838428480569459
2248,0.015337230227264699
2249,0.40770837816174843
2250,0.1911570847493677
2251,0.3932181039440573
2252,0.2960410035062242
2253,0.03290102183436677
2255,0.4618417178519295
2256,0.09456196376000599
2257,0.011125860055969026
2258,0.04882739595557731
2259,0.015572075011137108
2260,0.045063014634818016
2261,0.23020833141160255
2262,0.035657700238456
2263,0.03810503364322808
2264,0.44171030745995726
2265,0.05312634530123986
2266,0.3112740675977839
2267,0.16793419558974348
2268,0.04059516785190104
2269,0.21111826312878898
2270,0.7736901229152412
2271,0.07040992877011014
2272,0.03435836178456674
2273,0.4106777587893309
2274,0.9191215008730339
2276,0.0642305724923802
2277,0.13386965814839663
2278,0.12252203490498216
2279,0.05163336656679037
2280,0.04893891938569909
2281,0.05671350465276003
2282,0.026232663229085768
2283,0.11312008630551039
2284,0.06658749756683098
2285,0.035841383317759934
2286,0.0188408283010505
2287,0.26979025617066366
2288,0.14760512999151643
2289,0.03870583188729464
2290,0.08241877866767333
2291,0.07040992877011014
2292,0.5209892403187026
2293,0.013887895143309214
2294,0.03460496308486808
2295,0.041550460346857464
2296,0.11454641839226909
2297,0.038219036864032566
2298,0.24695693995251342
2299,0.03346590293454466
2300,0.43162697984894954
2301,0.07385217280915847
2302,0.03582030891979501
2303,0.3992222431262223
2304,0.553476905950072
2305,0.15080869850175876
2306,0.9970315287130334
2307,0.08646833264837164
2308,0.030694706496940467
2309,0.06329342227689466
2310,0.10532760285540832
2311,0.3050289381325085
2312,0.0925269275355701
2313,0.05771423278554128
2314,0.04122734159626935
2315,0.17896482213676165
2316,0.1471473146588886
2317,0.0251862542818845
2318,0.2012845313402694
2319,0.11931675984716188
2320,0.07931518822722874
2321,0.039980852994193725
2322,0.024353191543290235
2323,0.11617561858635407
2324,0.07505519057791622
2325,0.057402201516566116
2326,0.119903823024256
2327,0.01842249766792567
2328,0.21146946565091188
2329,0.07196530671345584
2330,0.05076803645711114
2331,0.11260865940542916
2332,0.3830657559804951
2333,0.017721985750012097
2334,0.25874403760959985
2335,0.3129054388318787
2336,0.24159238376348136
2337,0.08930308201458187
2339,0.085579524810246
2340,0.25033570136851496
2341,0.3351066306083103
2342,0.06748549051856863
2343,0.05853803461048564
2344,0.4953226953803803
2345,0.013245019338160207
2346,0.27281102150732955
2347,0.07309415498080833
2348,0.044930193054104645
2349,0.062088792675733556
2350,0.024807886817694868
2351,0.1867507223112388
2352,0.02274658070175852
2353,0.14732212668133898
2354,0.05745622948668686
2355,0.0063927880113490345
2356,0.6283247168965742
2357,0.02274658070175852
2358,0.2034626654691726
2359,0.17647308054652824
2360,0.8495945076721396
2361,0.051569021773457416
2362,0.061625083752761614
2363,0.029648020618163448
2364,0.08947865017746225
2365,0.04672622353338665
2366,0.03726423714452536
2367,0.03863883059727406
2368,0.3508895734798835
2369,0.10023828767935569
2370,0.11442036738704402
2371,0.0191790646974511
2372,0.10087525142951957
2373,0.028041395901360372
2374,0.020590891413520974
2375,0.013882896725410664
2376,0.6502379409059612
2377,0.25640533118004466
2378,0.32721781594055827
2379,0.08717926960088872
2380,0.07373633327948446
2381,0.1867507223112388
2382,0.11454500130628263
2383,0.01997455716304272
2384,0.0766715374834185
2385,0.054612912340290996
2386,0.0191790646974511
2387,0.062835095468861
2389,0.17031754782330588
2390,0.09052661272611875
2391,0.872256898276116
2392,0.46272914848665936
2393,0.07161606997767707
2394,0.10558762589286678
2395,0.10510434936139845
2396,0.1935111894576846
2397,0.08446916625867995
2398,0.04967733640928724
2399,0.19868325132199277
2400,0.13477312802870534
2401,0.028674078065588738
2402,0.094534164299093
2403,0.25578477911633646
2404,0.060331751440131164
2405,0.23367928162216023
2406,0.029369206553722355
2407,0.045063014634818016
2408,0.015063786068400472
2409,0.020590891413520974
2410,0.2512870461720284
2411,0.0402149061960767
2412,0.042771273782146894
2420,0.07729428602154746
2421,0.05163336656679037
2422,0.09574569819874137
2423,0.07364437917099875
2424,0.020728454340533314
2425,0.10087525142951957
2426,0.009492706493314245
2427,0.07196530671345584
2428,0.03726423714452536
2429,0.03668864887655015
2430,0.1273973857385383
2431,0.17031754782330588
2433,0.01012317559892612
2434,0.05287447434467597
2435,0.9367740859603294
2436,0.045063014634818016
2437,0.32334546629600625
2438,0.04326909945043477
2439,0.10548228109662014
2441,0.04053044879968099
2442,0.040007067846050674
2443,0.017965418953702076
2444,0.2139904583644475
2445,0.022321479566299568
2446,0.09821294158183107
2447,0.04967733640928724
2448,0.030028449349483215
2449,0.17896482213676165
2450,0.008957392208288863
2451,0.07729428602154746
2452,0.06050480056605538
2453,0.04758897965092135
2454,0.1867507223112388
2455,0.11931675984716188
2456,0.0191790646974511
2457,0.01295787408820298
2458,0.03746708111539688
2459,0.1439869677365278
2460,0.08965727585917531
2461,0.11396557391754696
2462,0.10045165979000856
2464,0.28803216984336166
2465,0.2375643615481062
2466,0.4586423622078899
2467,0.42137714347550836
2468,0.13126974337473024
2469,0.040007067846050674
2470,0.011168435564577153
2471,0.028290216238532784
2472,0.03122359170793003
2473,0.008391780949281153
2474,0.16663609658624876
2475,0.032389840069848776
2476,0.054322663535722716
2477,0.025415899449583303
2478,0.0585188620524966
2479,0.14190603684170275
2480,0.7027614838064646
2481,0.030537511361198706
2482,0.09070640299936188
2483,0.028453157129401063
2484,0.030028449349483215
2485,0.024889983281470924
2486,0.010983857468402065
2487,0.10742632569855974
2488,0.04893715288476239
2489,0.03627744035912635
2491,0.13312595290228382
2492,0.020229840123092053
2493,0.0402149061960767
2494,0.01997455716304272
2495,0.015379799573405092
2496,0.6127323793802978
2497,0.06127098991868142
2498,0.09884353312157212
2499,0.021431394573199442
2500,0.0188408283010505
2501,0.01169253898219043
2502,0.027305285950177983
2505,0.09965332566817732
2506,0.023584136425293376
2507,0.07235625314105912
2508,0.0775357774054807
2509,0.10365606496530419
2510,0.06842670659706131
2511,0.046117879780491144
2512,0.01807129130218486
2513,0.04352807787709538
2514,0.12585802964802212
2515,0.021426309246143596
2516,0.06154094254696351
2517,0.31523558199968643
2518,0.8989234459861227
2519,0.23374762673968782
2520,0.4371278100467994
2521,0.13892741358538957
2522,0.8153285221944487
2523,0.37895474726000816
2524,0.3742689656483257
2525,0.38439262125056184
2526,0.7299701164492923
2527,0.6438558189349173
2528,0.022159315588517414
2529,0.4887386887192652
2530,0.014469991088325914
2531,0.015400471041857565
2532,0.18166428687722805
2533,0.8433154168115821
2534,0.0730955081222618
2535,0.014878201682136286
2536,0.018763616174697708
2537,0.17646673173469396
2538,0.00863057210229339
2539,0.026264894595720473
2540,0.051353290467010454
2541,0.02790838447841603
2542,0.028225553838982717
2543,0.1446481990637791
2544,0.5247907092636079
2545,0.6418452899898728
2546,0.07614804845677461
2547,0.03954795889624295
2548,0.049750842132989914
2549,0.024947276530388633
2551,0.3447676338639699
2552,0.020133948487811158
2553,0.014351327410507198
2554,0.09551395510925209
2555,0.023255749439059132
2556,0.014111048263522618
2557,0.018278762481715515
2558,0.3773704773572737
2559,0.02519811704577932
2560,0.011910554905770943
2561,0.1955676908463374
2562,0.130984109167547
2563,0.039214972866803324
2564,0.19340075136910262
2565,0.01097806416317963
2566,0.007877391962390989
2567,0.025426368237570905
2568,0.01882545666976094
2569,0.016973735817132893
2570,0.02699303338101047
2571,0.25854807466627017
2572,0.2830920461735286
2573,0.040012893851349825
2574,0.024676939529400994
2575,0.020133948487811158
2576,0.06231977740479532
2577,0.11449609957870722
2578,0.0649426194009604
2579,0.0890888727461215
2580,0.21085006609983628
2581,0.01639951395660101
2582,0.11913073763536551
2583,0.0258494113111697
2584,0.015971279326194462
2585,0.03141093710149221
2586,0.06618561163208113
2587,0.04022044304130079
2588,0.019103495441035914
2589,0.10565614027490801
2590,0.022035906558691098
2591,0.042819892968838966
2592,0.027579168685933454
2593,0.46006184604928774
2594,0.6268280180420053
2595,0.02277762177375012
2596,0.022850101247666763
2597,0.13214016386476574
2598,0.2736755978277559
2599,0.06594243393207738
2600,0.02145791461675188
2601,0.026741568304188685
2602,0.03700032543829109
2603,0.052980275943254766
2604,0.043623752502851075
2605,0.07676092268371228
2606,0.10885674020992962
2607,0.01565112186856427
2608,0.03269973713539108
2609,0.16012203817121326
2610,0.03982647414600668
2611,0.011668625886865309
2612,0.025643965840616435
2613,0.029562466730972223
2614,0.33359801815688445
2615,0.08773694411236566
2616,0.4236628339879357
2617,0.01730398764406212
2618,0.053613908167951564
2619,0.06819067487837609
2620,0.44881222929525183
2621,0.014245408962347671
2622,0.15899923182420841
2623,0.010312234922651707
2624,0.2415452784778682
2625,0.12685451219472627
2626,0.30712814964700974
2627,0.2791545075830156
2628,0.13458383112970224
2629,0.3576821743736707
2630,0.016514419960821536
2631,0.017051044455992086
2632,0.053363887034519296
2633,0.17494243881259933
2634,0.1039561858866791
2635,0.08798174053661867
2636,0.028473835728767275
2637,0.08798174053661867
2638,0.02601852437885458
2639,0.021677645444462726
2641,0.5933363555633866
2642,0.057589120501897795
2643,0.40136810758171687
2644,0.18255179054995416
2645,0.258468183972643
2646,0.18255179054995416
2647,0.07905805151035479
2648,0.2847035734875255
2649,0.18207568063971358
2650,0.08798174053661867
2651,0.20311744016834968
2652,0.2739263930227088
2653,0.25812012334660234
2654,0.34704833624582404
2655,0.13082581302996843
2656,0.21347975549619383
2657,0.23705769636179183
2658,0.055877948543913154
2659,0.6938063819368826
2660,0.1547525788514351
2661,0.1410249732298315
2662,0.2616100930371
2663,0.1583244571071153
2664,0.28165912957748795
2665,0.05967552246428924
2666,0.11714136764287812
2667,0.03279816531178431
2668,0.5596353205700901
2669,0.1078766355463998
2670,0.25555445809751637
2671,0.25298230269323746
2672,0.39252031185646297
2673,0.1528012444477641
2674,0.12790957654704307
2675,0.11714136764287812
2676,0.0648683517433133
2677,0.04560318315512693
2678,0.22113914859703246
2679,0.02357001454669632
2680,0.20801077364129283
2681,0.22726565432935358
2682,0.21380355378078209
2683,0.12254881084095698
2684,0.20094236500375354
2685,0.07372120926281583
2686,0.16082909722293331
2687,0.23705769636179183
2688,0.057570989382527346
2689,0.29045534307113813
2690,0.057589120501897795
2691,0.040502299973104186
2692,0.06920777705870562
2693,0.06372030784750458
2694,0.18255179054995416
2695,0.23551813654432077
2696,0.09786153175032046
2697,0.03965706563180821
2698,0.008659248493668616
2699,0.008408627078932892
2700,0.20614194062542915
2701,0.018763616174697708
2702,0.09316531727748548
2703,0.16785263994320687
2704,0.08537528257097113
2705,0.03548824825758799
2707,0.556072422124391
2708,0.7221997773823086
2709,0.266276062454028
2710,0.036471602765088006
2711,0.07581113958378496
2712,0.1078766355463998
2714,0.26334547522156365
2715,0.03305661029206107
2716,0.11639378716934161
2717,0.43030958883551906
2718,0.02519811704577932
2719,0.09651463523569101
2720,0.037644880846706655
2721,0.21041911318879503
2722,0.9985662913319453
2723,0.050108843472435056
2724,0.027093334253933295
2725,0.021595119889170948
2726,0.24537296132759442
2727,0.31101273994232664
2728,0.09359641353719128
2729,0.4167786350770779
2730,0.8917290661112784
2731,0.4696704733558771
2732,0.04661586818490339
2733,0.06231977740479532
2734,0.05804113970697166
2735,0.5144009155286768
2736,0.011910554905770943
2737,0.016874183099910022
2738,0.4239108934034897
2739,0.9370352580014866
2740,0.7179918906187042
2742,0.036327480477588714
2743,0.1083921063066512
2744,0.0333621944808016
2745,0.06920777705870562
2746,0.017630366302774494
2747,0.0893226484565199
2748,0.027090616638111787
2749,0.013904108016959585
2750,0.25555445809751637
2751,0.04300116396401431
2752,0.36903942073576923
2753,0.3709612939443034
2754,0.048372047411529374
2755,0.053707501670827294
2756,0.047426448471437524
2757,0.09786153175032046
2758,0.01618440870870403
2759,0.15249356690145383
2760,0.9459545945707255
2761,0.14316378630297666
2762,0.9284324840739615
2763,0.03368197916154283
2764,0.24844630515762775
2765,0.0716148787801038
2766,0.12058106772936376
2767,0.057589120501897795
2768,0.02777714997565006
2769,0.025448145765516402
2770,0.01781039504993148
2771,0.030479232752453997
2772,0.037940751757881176
2773,0.2361530407713981
2774,0.23430252918024613
2775,0.4771410801703634
2776,0.028283813063907672
2777,0.33255369114634775
2778,0.11913073763536551
2779,0.03530630868411238
2780,0.03365398097858945
2781,0.8020024613950433
2782,0.1926706860717036
2783,0.9785229908377351
2784,0.22433894379367403
2785,0.02071171708031275
2786,0.027090616638111787
2787,0.06696162708987854
2788,0.0633675981860031
2789,0.03610799646414238
2790,0.04736059101497143
2791,0.16659941654695284
2792,0.2150392815676498
2793,0.019103495441035914
2794,0.1701884632725064
2795,0.43415706109048124
2796,0.09359641353719128
2798,0.0333621944808016
2799,0.0060001893798655205
2801,0.7195926794005347
2802,0.08558085659167082
2803,0.0347685157129399
2804,0.05764874725016224
2805,0.024487817306580652
2806,0.9877365932685895
2807,0.21823566305845726
2808,0.04178543135591648
2809,0.4168809882745088
2810,0.010546489862640361
2811,0.6939348839228598
2812,0.2215894885141085
2813,0.024676939529400994
2814,0.4219688993835217
2815,0.250122903585172
2816,0.018374223156227703
2817,0.7846401311391729
2818,0.2762342126562037
2820,0.515087487795912
2821,0.024487817306580652
2822,0.9671462401245816
2823,0.04661586818490339
2824,0.059398668217856325
2825,0.394830203758848
2826,0.534491255503983
2827,0.03218313206641071
2828,0.3434757930619781
2829,0.01882545666976094
2830,0.3349509028444615
2831,0.06290205817373141
2832,0.053667075806182477
2833,0.3691126816421595
2834,0.047172357060162734
2835,0.9985662913319453
2836,0.7818297327573056
2837,0.12145045918316012
2838,0.5144009155286768
2839,0.7887732252214248
2840,0.024679011741111367
2841,0.9704366170708454
2842,0.15701464408703192
2843,0.037644880846706655
2844,0.2848196427896079
2845,0.007748156287760634
2846,0.11350490076195605
2847,0.14238806139931515
2848,0.03218313206641071
2849,0.04021548704864201
2850,0.040502299973104186
2851,0.13497001288346977
2852,0.021887960477479877
2853,0.2215894885141085
2854,0.03542323174978867
2855,0.007748156287760634
2856,0.09359641353719128
2857,0.026537053444610964
2858,0.819977530130988
2859,0.31207876283973157
2860,0.8766537973809444
2861,0.8090429644523841
2862,0.39086760485018673
2863,0.9543409721045509
2864,0.7324621664139644
2865,0.5752770175048028
2866,0.4049747046633904
2867,0.8343572214847436
2868,0.7741975194920655
2869,0.02381367373564556
2870,0.1195878095187817
2871,0.04866006837052509
2872,0.39513039998482025
2873,0.025154466866741096
2874,0.05216192964307895
2875,0.033314848735647155
2876,0.06208037161751338
2877,0.6226252863088729
2878,0.05469814668351503
2879,0.048500086877255
2880,0.30382806085326547
2881,0.019388264262981122
2882,0.03260780216826435
2883,0.013482079603915146
2884,0.027639660417375207
2885,0.025589681507962644
2886,0.03601228468975529
2887,0.34759804661768817
2888,0.018827639990726296
2889,0.25164623049258955
2890,0.53555477159945
2891,0.03940548000885853
2892,0.05650888260245925
2893,0.044657306833740563
2894,0.3047613944404683
2895,0.4017103500787398
2896,0.06271614853390807
2897,0.20873400381068544
2898,0.11407780945157787
2899,0.5752770175048028
2900,0.5197569247796963
2901,0.158073265423332
2902,0.05504279399525172
2903,0.027292348509338697
2904,0.47441277173499297
2905,0.4974617772424068
2906,0.48829795649972874
2907,0.20126404952996801
2908,0.02410934316464681
2909,0.46527210120933643
2910,0.03676879020659831
2911,0.280186783465579
2912,0.2782640909649878
2913,0.5361464382730167
2914,0.8315341628855393
2915,0.0999774721669984
2916,0.07631273052166085
2917,0.07790758349399036
2918,0.021896295331888065
2919,0.1383305527516257
2920,0.43941806246946524
2921,0.19376838489635226
2922,0.040517034994535434
2923,0.4468796740951234
2924,0.18117709443635918
2925,0.011301596242410976
2926,0.03231104406662949
2927,0.17568399210178878
2928,0.030402387029708714
2929,0.014179640254581457
2930,0.057609698592330456
2931,0.007056198578973269
2932,0.02785119217945808
2933,0.029182617033325513
2934,0.026740949741780075
2935,0.011882058323475608
2936,0.020901246442398942
2937,0.06216999392032144
2938,0.09077074796905783
2939,0.030877217975276795
2940,0.050285873230498615
2941,0.04984550192391895
2942,0.10601390469954938
2943,0.013647245583473354
2944,0.2872647351221564
2945,0.20599352512503663
2946,0.09941303285354039
2947,0.15756321126709696
2948,0.043408003989614106
2949,0.053073007161973676
2950,0.06165744659595435
2951,0.1597203928954519
2952,0.05363640949466813
2953,0.04622421026227513
2954,0.12008916300755994
2955,0.04170152121794006
2956,0.029182617033325513
2957,0.04168817081814345
2958,0.15188031562857196
2959,0.17991486719093938
2960,0.18891370068607574
2961,0.26408712204354734
2962,0.25556947962976195
2963,0.22023019292573168
2964,0.06849718268239652
2965,0.12559984573862157
2966,0.014238775471372544
2967,0.009524223672361378
2968,0.019631904022469417
2969,0.03319483153907956
2970,0.13733577788064652
2971,0.037383061151624826
2972,0.024547820016184548
2973,0.014701074981724085
2974,0.5734432285096358
2975,0.07967396034164016
2976,0.031413588167206005
2977,0.17513017420977525
2978,0.17513017420977525
2979,0.047448000423792214
2980,0.06216999392032144
2981,0.05825480111212744
2982,0.0420148820801178
2983,0.35895270698657455
2984,0.2032218232164309
2985,0.07928291774159096
2986,0.115340335653343
2987,0.18117709443635918
2988,0.11107476802145817
2989,0.1297766660201114
2990,0.03940384566310597
2991,0.04370493302342232
2992,0.029911765637417903
2993,0.031991674934773257
2994,0.09265657161847213
2995,0.007056198578973269
2996,0.015784894959709344
2997,0.04274825022502175
2998,0.006839221986993417
2999,0.044631167311904
3000,0.01937454572597541
3001,0.013871614736585824
3002,0.049228946065675204
3003,0.021896295331888065
3004,0.03344822875059234
3005,0.014968630009292149
3006,0.09205808212795281
3007,0.10633167859442189
3008,0.04784479791165762
3009,0.029911765637417903
3010,0.04784479791165762
3011,0.008853281361991846
3012,0.14526110201074835
3013,0.005033163456575595
3014,0.9184636304641964
3015,0.2197366235646459
3016,0.024047385676088932
3017,0.027548914684761915
3018,0.020602974861013583
3019,0.01640101650252472
3020,0.787846181885188
3021,0.549916379757202
3022,0.5208252292257973
3023,0.25013010067794283
3024,0.09405830659227751
3025,0.017408216951257677
3026,0.18934948053129724
3027,0.08022928781958923
3028,0.14634121215545515
3029,0.08394168744423836
3030,0.02133510280680984
3031,0.0756633745472478
3032,0.6157284422366448
3033,0.05311430350799736
3034,0.07103565765029835
3035,0.7768667344100789
3036,0.08095590433161833
3037,0.1893750434456138
3038,0.1983939840087917
3039,0.07651436337834856
3040,0.1073605563625555
3041,0.7355448482696622
3042,0.4873798436183076
3043,0.055132734961081106
3044,0.0444430906280521
3045,0.21755073059076493
3046,0.1972371969762921
3047,0.24644570168135949
3048,0.34696217044307065
3049,0.06924506793387962
3050,0.04497008732389626
3051,0.2981519131679776
3052,0.08022928781958923
3053,0.03079808508911834
3054,0.0378044887472198
3055,0.01563789879827211
3056,0.03668697653375308
3057,0.6823426896656942
3058,0.0781932473130882
3059,0.03668697653375308
3060,0.997267010846758
3061,0.12179443410460604
3062,0.03593920402976516
3063,0.04497008732389626
3064,0.23374292886089387
3065,0.18413913089891948
3066,0.02133510280680984
3067,0.022090493089008612
3068,0.08993853830913157
3069,0.2213596027190808
3070,0.026185631621782293
3071,0.03042630844423449
3072,0.024354769987276478
3073,0.047736412016096755
3074,0.025650073140937594
3075,0.12499548324282489
3076,0.18659868940280697
3077,0.023323182797403516
3078,0.03268539105747324
3079,0.0719507323791529
3080,0.017408216951257677
3081,0.03133258460365752
3082,0.011506675176574145
3083,0.03347990254230807
3084,0.5568127286642799
3085,0.02366766583399039
3086,0.09640411611737994
3087,0.048079956029915875
3088,0.02133510280680984
3089,0.027283718509032447
3090,0.022267258483408072
3091,0.02026648056201499
3092,0.018407786513489365
3093,0.0830755098797427
3094,0.021288880868394623
3095,0.05354284935610807
3096,0.07919173664719244
3097,0.020545353480643822
3098,0.04635241522571459
3099,0.04635241522571459
3100,0.0393391270421865
3101,0.03526459688657475
3102,0.17731398640822824
3103,0.041278680072924054
3104,0.04390776993569762
3105,0.09394130668136214
3106,0.03587208775237714
3107,0.04908594858848491
3108,0.25870721334638686
3109,0.10642997825839765
3110,0.12396560416155199
3111,0.1295887765431223
3112,0.16859391888635164
3113,0.015377544218010318
3114,0.21982266562062658
3115,0.07842204279607724
3116,0.1318050876870132
3117,0.0912656280600682
3118,0.024388505792817372
3119,0.6571547558124498
3120,0.25060683335637335
3121,0.10606178109418167
3122,0.017374085939329775
3123,0.015141482656148605
3124,0.42819849155295964
3125,0.01453768843351613
3126,0.04023144328427056
3127,0.06101441619006733
3128,0.03493747847235102
3129,0.018876468564233737
3130,0.018131617546138505
3131,0.19953907417015807
3132,0.012235448201394447
3133,0.12114451248240832
3134,0.213408995641265
3135,0.1963443665933865
3136,0.031230600992023242
3137,0.9156710222747374
3138,0.12908888216510517
3139,0.024575574511093008
3140,0.02960132030162044
3141,0.049400421931426054
3142,0.8128085863343789
3143,0.025508480581019517
3144,0.025650073140937594
3145,0.11486685842404408
3146,0.09027172114022283
3147,0.02001544070785231
3148,0.09706369125266781
3149,0.04635241522571459
3150,0.04082434327683942
3151,0.015887659150852614
3152,0.8279340571400116
3153,0.9595636121231544
3154,0.4912411142638207
3155,0.31764874805920124
3156,0.08993853830913157
3157,0.573562067622565
3158,0.6020943408365601
3159,0.519561567664863
3160,0.29807199412647073
3161,0.019874804966772866
3162,0.12635348850037886
3163,0.02644056448009633
3164,0.006594701271463292
3165,0.03213543557223684
3166,0.03483429430519414
3167,0.07817533385999606
3168,0.20541681031204198
3169,0.04947059099447316
3170,0.02271776173675742
3171,0.04635241522571459
3172,0.2788587521472116
3173,0.030416826665565295
3174,0.01945670935410091
3175,0.14634121215545515
3176,0.029618419650788194
3177,0.18736219361411519
3178,0.10249586982499623
3179,0.022387044398084487
3180,0.02427839825048597
3181,0.013865844000301997
3182,0.3525366585878133
3183,0.01299325529106827
3184,0.037793602601098715
3185,0.01451136592034711
3186,0.03668697653375308
3187,0.707536850793955
3188,0.03295571204059289
3189,0.04578783793554174
3190,0.023587637911117034
3191,0.07115242208829711
3192,0.10380142841989702
3193,0.06314203692512192
3194,0.5870739932914195
3195,0.8160835369879114
3196,0.15317457571695933
3197,0.18877713308796848
3198,0.04721307250506007
3199,0.03528535630380938
3200,0.35101986863289836
3201,0.04284034361234295
3202,0.2108171806600813
3203,0.6642659027995025
3204,0.08843167845475779
3205,0.17746076288878515
3206,0.03913442558956766
3207,0.0483495756728253
3208,0.05858388864594707
3209,0.8473035107105791
3210,0.5192981992031601
3211,0.04908594858848491
3212,0.05406016321678269
3213,0.29921244520834356
3214,0.48181968505864997
3215,0.53742121783005
3216,0.1322120305795791
3217,0.13518944002924427
3218,0.01690231342495431
3219,0.035860858671994206
3220,0.027240806556084057
3221,0.049593396688960095
3222,0.14295506397353003
3223,0.14165103428687179
3224,0.016304767129014425
3225,0.018692170722615115
3226,0.09706369125266781
3227,0.5070662689466394
3228,0.03528535630380938
3229,0.047209284834139255
3230,0.03510441904943085
3231,0.04398385525869263
3232,0.03593920402976516
3233,0.03286714666585848
3234,0.046403591904751344
3235,0.0984579638495379
3236,0.16745549884831326
3237,0.2041660497492061
3238,0.24167189561034216
3239,0.04849359045340005
3240,0.10931039367134486
3241,0.010188387815224747
3242,0.2695357038671785
3243,0.30210776367845177
3244,0.21647746992357997
3245,0.20036359764781334
3246,0.13933607577429705
3247,0.06299531624829009
3248,0.052894229197464754
3249,0.2626033690831009
3250,0.047736412016096755
3251,0.20790138619622758
3252,0.17520789348918148
3253,0.03528535630380938
3254,0.03668697653375308
3255,0.03079808508911834
3256,0.045232650657392626
3257,0.008122519447364454
3258,0.015597580614307993
3259,0.050308299845826465
3260,0.008608373210425978
3261,0.05250594676331223
3262,0.028372815093738922
3263,0.025148427764681403
3264,0.05786582745338827
3265,0.015951324274861366
3266,0.039431314263379806
3267,0.25161984647099045
3268,0.35101986863289836
3269,0.09591687319224207
3270,0.03809873257199105
3271,0.06586136456610735
3272,0.11843462728851817
3273,0.38630152110612803
3274,0.09312901825091209
3275,0.03928810155296977
3276,0.2186741606037683
3277,0.05618886459732604
3278,0.07422928651688661
3279,0.06836135001884812
3280,0.048108143964054426
3281,0.09027172114022283
3282,0.13394200191868946
3283,0.20790138619622758
3284,0.12908888216510517
3285,0.1582788324747679
3286,0.045136279964308586
3287,0.01563789879827211
3288,0.17275298287766133
3289,0.03913442558956766
3290,0.06761236463489047
3291,0.04891755489069478
3292,0.18659868940280697
3293,0.028710124519753164
3294,0.013378011629817
3295,0.016845637301642385
3296,0.01127781152046905
3297,0.02462817103935085
3298,0.03913442558956766
3299,0.15884783389479024
3300,0.04671013775184438
3301,0.03075592560984469
3302,0.017391082257428428
3303,0.033379408986862515
3304,0.025148427764681403
3305,0.18413913089891948
3306,0.7046065171829332
3307,0.823598520554962
3308,0.025650073140937594
3309,0.035380511534591236
3310,0.4093468426247632
3311,0.3954623594527932
3312,0.05107850552448206
3313,0.03268539105747324
3314,0.6021997174135545
3315,0.013141879512284266
3316,0.011402546510689154
3317,0.10642997825839765
3318,0.1963443665933865
3319,0.059117301310927
3320,0.023504429200834998
3321,0.02270001946228034
3322,0.14997943516126055
3323,0.014385471621052526
3324,0.12396560416155199
3325,0.03251225014957034
3326,0.8925876627134036
3327,0.05561756146646919
3328,0.145172689547174
3329,0.017408216951257677
3330,0.008122519447364454
3331,0.4182400924036334
3332,0.057701586424082706
3333,0.021043333827995878
3334,0.02035887245521359
3335,0.02960132030162044
3336,0.14638638268557816
3337,0.024628252015740683
3338,0.5541778463849354
3339,0.7192925713428985
3340,0.9730425405463539
3341,0.4087440084289565
3342,0.12486821876287059
3343,0.020567992892700605
3344,0.40565441435856947
3345,0.10838916342257102
3346,0.013871614736585824
3347,0.07928291774159096
3348,0.016058781144883048
3349,0.022802507922585105
3350,0.4933455514866365
3351,0.008487259823529249
3352,0.8888980295919545
3353,0.16197710077337762
3354,0.011882058323475608
3355,0.024483159139710758
3356,0.015804151336003533
3357,0.14963918796974607
3358,0.022852118419315445
3359,0.022802507922585105
3360,0.02030217085825742
3361,0.03642087349516018
3362,0.016886981401599714
3363,0.3795330789557287
3364,0.023724677933654344
3365,0.11512166859397807
3366,0.23869818898497377
3367,0.012234393587201797
3368,0.08290689296239806
3369,0.11709094782351356
3370,0.038394955642783765
3372,0.01642174751557753
3373,0.04202548358596886
3374,0.06399563298097644
3376,0.996759725811818
3377,0.9029789369413647
3378,0.08632958060217934
3379,0.03486080250741607
3380,0.6283987029340268
3381,0.03262613196987805
3382,0.039559423891771174
3383,0.03308006259424263
3384,0.016058781144883048
3385,0.03231568249704959
3386,0.21783741269695794
3387,0.11852857108748549
3388,0.05005868867083868
3389,0.03227448885169071
3390,0.03912256850835819
3391,0.5031077814178171
3392,0.007056198578973269
3393,0.029449820598779927
3394,0.018312090036811425
3395,0.057609698592330456
3396,0.40375358857706495
3397,0.13728924064533446
3398,0.6606727307730572
3399,0.15756321126709696
3400,0.048083441610725
3401,0.15116929075491956
3402,0.05589795145529184
3403,0.06165744659595435
3404,0.01560874080739352
3405,0.022802507922585105
3406,0.3258304981919589
3407,0.023780926318600775
3408,0.03386592432575919
3409,0.1057308997448571
3410,0.6958462258700642
3411,0.040098517144140915
3412,0.015824341287439387
3413,0.01642174751557753
3414,0.6709931202369435
3415,0.017217858875437128
3416,0.8272690933104041
3417,0.03198382136104944
3418,0.044838318991085306
3419,0.08095487308718176
3420,0.05748984982397767
3421,0.030499546584547794
3422,0.37735902811319566
3423,0.00650126024701693
3424,0.08254633589767466
3425,0.038962743767088116
3426,0.0912656280600682
3427,0.21666097455030284
3428,0.09375919360557597
3429,0.6606727307730572
3430,0.1327832605752999
3431,0.39993282409471487
3432,0.007056198578973269
3433,0.044527045907390914
3434,0.1171061169765372
3435,0.6392302641541322
3436,0.028059448863279983
3437,0.02838077864543848
3438,0.03614579828993144
3439,0.015141482656148605
3440,0.37781893989223114
3441,0.07928291774159096
3442,0.1750612732399859
3443,0.964437741628224
3444,0.05256051974905927
3445,0.19885604811220778
3446,0.03441674869303848
3447,0.09844347508648284
3448,0.04434940330772956
3449,0.08409147982320138
3450,0.11808860112992857
3451,0.025449242653812886
3452,0.05134687286593766
3453,0.9605348234880463
3454,0.016565481410926196
3455,0.45983847513207105
3456,0.012294069390403494
3457,0.19885335851411132
3458,0.1969764370257632
3459,0.09826557174863589
3460,0.012236273885299296
3461,0.04534740854347051
3462,0.07950949312291965
3463,0.06596059351834477
3464,0.09261305195678167
3465,0.5824303249343129
3466,0.1446014250396814
3467,0.05418357177084804
3468,0.16928259916565896
3469,0.023821076096410383
3470,0.024350421947144985
3471,0.022995026140149238
3472,0.07650649589246726
3473,0.09193201799931262
3474,0.02296505780370054
3475,0.09166303986705335
3476,0.00686206710704028
3477,0.05859277071529493
3478,0.030959257443206455
3479,0.042773058473851586
3480,0.10520115983373646
3481,0.15904762793713673
3482,0.010649702258468407
3483,0.025449242653812886
3484,0.9387917706790602
3485,0.07318483879142695
3486,0.13857618014315254
3487,0.01819970387612746
3488,0.015182908086734415
3489,0.01646661704619036
3490,0.007485312703810279
3491,0.008527648825327746
3492,0.38012042483401143
3493,0.24656831314181055
3494,0.016991976267150377
3495,0.038247149826776204
3496,0.030153678560405666
3497,0.059090468388765555
3498,0.15377406539575209
3499,0.1900650321600668
3500,0.03188698926593529
3501,0.016426858055792627
3502,0.03550399372473907
3503,0.18683602696803944
3504,0.1926807306484591
3505,0.6904243696074781
3506,0.03825944225387325
3507,0.2942019431693593
3508,0.07989809231342812
3509,0.4527710743545558
3510,0.056941875074888404
3511,0.29696353058348496
3512,0.030047550259886206
3513,0.160510475885503
3514,0.6182889944389537
3515,0.16049201142536224
3516,0.038911780590994066
3517,0.035387971965692364
3518,0.1670532586752278
3519,0.20293567754478534
3520,0.850963334230998
3521,0.0507368384837294
3522,0.08884284440962965
3523,0.5363774025495742
3524,0.189955070736371
3525,0.020360426317303944
3526,0.9009812993321858
3527,0.03497261809234678
3528,0.014780663465993603
3529,0.09193201799931262
3530,0.05577205929365322
3531,0.04366676144576332
3532,0.033305686336905546
3533,0.2009388149823622
3534,0.13327645836112662
3535,0.021412545990122305
3536,0.024736712167170986
3537,0.014299645200724938
3538,0.0327335034349539
3539,0.03425961774248686
3540,0.2864608721078371
3541,0.2799026607675718
3542,0.4219623956912089
3543,0.5278672798154759
3544,0.024789914601150497
3545,0.028730048882908043
3546,0.12829202847001583
3547,0.026012526501682898
3548,0.038247149826776204
3549,0.2631316892529739
3550,0.02672607049666067
3551,0.21820902654536145
3552,0.06265081703593717
3553,0.041908138840439646
3554,0.023333579598927734
3555,0.08640767081129386
3556,0.021577226276084636
3557,0.03085471776924579
3558,0.03297150659385797
3559,0.03212442356045632
3560,0.12692775046374594
3561,0.07650649589246726
3562,0.016900918513807966
3563,0.03727828057829684
3564,0.13021680707037558
3565,0.05859277071529493
3566,0.1606288688934177
3567,0.014144683168203116
3568,0.15523118023544563
3569,0.025017280187500733
3570,0.07297505776680151
3571,0.006322299131509652
3572,0.015341978120300971
3573,0.07580874292952136
3574,0.10520115983373646
3575,0.015182908086734415
3576,0.055335149713379696
3577,0.04786354412902863
3578,0.1504753437203963
3579,0.01909844209546478
3580,0.029107260381444754
3581,0.1413022572160576
3582,0.2682535614883369
3583,0.07559752378982829
3584,0.12461133321547087
3585,0.10826700224298387
3586,0.10814244246835168
3587,0.26973302143659916
3588,0.013896531118903994
3589,0.25248813285537103
3590,0.007485312703810279
3591,0.020375768697487577
3592,0.2018189514034059
3593,0.07763086260954606
3594,0.015341978120300971
3595,0.02404610468264714
3596,0.1033806885975005
3597,0.015724689517736395
3598,0.015373070742544409
3599,0.012294069390403494
3600,0.00686206710704028
3601,0.07303521233150508
3602,0.011554627375814072
3603,0.3569679168940505
3604,0.08640767081129386
3605,0.010991957572014682
3606,0.013849791867731102
3607,0.008728105038388185
3608,0.032304965639756225
3609,0.1340412249291992
3610,0.023884031199897123
3611,0.014299645200724938
3612,0.022995026140149238
3613,0.021145472654696462
3614,0.029585088481156686
3615,0.00686206710704028
3616,0.09032161031510845
3617,0.041613305524141116
3618,0.047930557304837244
3619,0.015354331416876674
3620,0.03113302386672777
3621,0.0066510200307435844
3622,0.01349252416595119
3623,0.025384989494820424
3624,0.04344850111126124
3625,0.02404610468264714
3626,0.032551798653813864
3627,0.021302639631919678
3628,0.3537678412298367
3629,0.112013290511673
3630,0.02590231449164804
3631,0.1460149637225319
3632,0.287489140241616
3633,0.16936676862758773
3634,0.04057212585494829
3635,0.1890782118986859
3636,0.07763086260954606
3637,0.029620105509229114
3638,0.05153536004205615
3639,0.0938215658941413
3640,0.3266471403131598
3641,0.07333746661195169
3642,0.02879516773835768
3643,0.16254281597317835
3644,0.04137653500642725
3645,0.05819650783168623
3646,0.05352271192730148
3647,0.038547978478356865
3648,0.07297505776680151
3649,0.10649551671019897
3650,0.16824376451968148
3651,0.10251914564133287
3652,0.11997493785965295
3653,0.03614426565791506
3654,0.09946470088145518
3655,0.052816413409849765
3656,0.2791458403360425
3657,0.38012042483401143
3658,0.02991928693777418
3659,0.03188698926593529
3660,0.027303361230291034
3661,0.016940966497290818
3662,0.018460892594699626
3663,0.06372393056377118
3664,0.020360426317303944
3665,0.023403159008993823
3666,0.03498491070485106
3667,0.027430077570722383
3668,0.03266118132839385
3670,0.00686206710704028
3671,0.021505340960890424
3672,0.6935015950387763
3673,0.014728206798189628
3674,0.1146606260215195
3676,0.03266196604850646
3677,0.1887888919056683
3678,0.10507702932438633
3679,0.015182908086734415
3680,0.0432074314492337
3681,0.06518140936448934
3682,0.015724689517736395
3683,0.014412346639472638
3684,0.03416517114338714
3685,0.08811402436480874
3686,0.009659183553598598
3687,0.36800782575709995
3688,0.016653123418529665
3689,0.02075633936376784
3690,0.6166711672838822
3691,0.48421169284114257
3692,0.5389678791028932
3693,0.1425122675716957
3694,0.5804763055697755
3695,0.015516292619264207
3696,0.04170306039688097
3697,0.0379605737323997
3698,0.037811429888720986
3699,0.48214090433069096
3700,0.15274187756420585
3701,0.04965084394831637
3702,0.1935111894576846
3703,0.22931234699051192
3704,0.16459947700666913
3705,0.026443014343450075
3706,0.31666221225635144
3707,0.014074303308359326
3708,0.01592508336765067
3709,0.11931675984716188
3710,0.16725211554759487
3711,0.05424992847726368
3712,0.1038953394423201
3713,0.01895384136274752
3714,0.15560116011743277
3715,0.03223121147081544
3716,0.04827450456321962
3717,0.09973145188505064
3718,0.10721601159111344
3719,0.07030914198193823
3720,0.07172878988081362
3721,0.15531588873845092
3722,0.5679841608111995
3723,0.045063014634818016
3724,0.08505059532641462
3725,0.24775440118013817
3726,0.016264657401929904
3727,0.21146946565091188
3728,0.04314685615057495
3729,0.03579241049771888
3730,0.06217033262020664
3731,0.4439494114593485
3732,0.6885994397999164
3733,0.7577342932997355
3734,0.26005172048001357
3735,0.746498173991092
3736,0.5353673286972074
3737,0.05064712971625025
3738,0.44152698619294023
3739,0.6036949117567175
3740,0.031556827779811614
3741,0.05373729289638946
3742,0.008692002498260748
3743,0.2101014667647556
3744,0.08936401573975263
3745,0.051141409117042805
3746,0.0747171593718284
3747,0.006221887938898893
3748,0.05775374801516049
3749,0.05714172400368471
3750,0.04130067561434443
3751,0.24323696136216885
3752,0.038404144263268165
3753,0.044991304891988486
3754,0.023276828102911717
3755,0.06127290288494763
3756,0.014496427180511987
3757,0.018481238634182526
3758,0.029473224767523003
3759,0.04074389195391648
3760,0.01142193351898699
3761,0.08199477138380998
3762,0.04317118297558512
3763,0.022786071585351755
3764,0.023468341180371617
3765,0.06973715297461122
3766,0.04495944962512045
3767,0.15703350152303425
3768,0.04092252441127201
3769,0.024619063774122454
3770,0.03412913227421733
3771,0.051298338815965516
3772,0.05522837368678097
3773,0.024778809473557484
3774,0.0892734443284495
3775,0.007857553542261708
3776,0.009198395712044474
3777,0.022981882000631126
3778,0.08993583314582305
3779,0.051141409117042805
3780,0.14625268271928615
3781,0.020555911929456324
3782,0.05004936902818867
3783,0.04825878890607801
3784,0.031830320082254976
3785,0.18806931022580647
3786,0.0442334427518743
3787,0.06594658673922607
3788,0.026143394024248305
3789,0.043576417913710495
3790,0.02481336614461116
3791,0.0654567731312085
3792,0.031259146233337434
3793,0.04174649649805019
3794,0.014396833682676658
3795,0.03806071005845199
3796,0.142036250944386
3797,0.01142193351898699
3798,0.02998411326743574
3799,0.04358690821112059
3800,0.026288553666451765
3801,0.07226906385201114
3802,0.15924307750822117
3803,0.05841253165196758
3804,0.008746306352878753
3805,0.009350316385161435
3806,0.011069637194126312
3807,0.0251734511301804
3808,0.10825290931122139
3809,0.04068741135649251
3810,0.022981882000631126
3811,0.019037548303860025
3812,0.028871036150930153
3813,0.010261315487067841
3814,0.16955030990007602
3815,0.03880254496351914
3816,0.030368441217679596
3817,0.007265433709930953
3818,0.06269646437386182
3819,0.009353634468241435
3820,0.030638925315036848
3821,0.023038995737435355
3822,0.016628223609246737
3823,0.009162386467850123
3824,0.038705506622663026
3825,0.09886879404315416
3826,0.019898224490397628
3827,0.02998411326743574
3828,0.03661145914758371
3829,0.027581105337856446
3830,0.01823421776288022
3831,0.051298338815965516
3832,0.01689495611485129
3833,0.02390664529517872
3834,0.041441427942125846
3835,0.0167188545849302
3836,0.010638110330161347
3837,0.05768244042128105
3838,0.0743796869875933
3839,0.014496427180511987
3840,0.03161979909156273
3841,0.008516611141517437
3842,0.004745618977030061
3843,0.032743441444912535
3844,0.043446598113483906
3845,0.03487409476726634
3846,0.017885131536924757
3847,0.06982307661858658
3848,0.00846995867547241
3849,0.015577704448470448
3850,0.03078555456934424
3851,0.07369041434635473
3852,0.029700405134460595
3853,0.007304425103742853
3854,0.041443385017511776
3855,0.02177913631793813
3856,0.009856381452227225
3857,0.05067669802075522
3858,0.018883218178421184
3859,0.023792226958164294
3860,0.1723198142603553
3861,0.018289077499028583
3862,0.0074997514008142505
3863,0.07152952213033703
3864,0.010880833041601251
3865,0.014337347366217917
3866,0.013136774856559445
3867,0.023038995737435355
3868,0.027291119295958965
3869,0.04107864613961713
3870,0.03613653024625591
3871,0.009198333460016528
3872,0.04738620567365729
3873,0.44152698619294023
3874,0.023964097707235874
3875,0.029707238318682237
3876,0.0687568394518968
3877,0.048579180153407946
3878,0.005643200387514888
3879,0.031830320082254976
3880,0.048847431082129904
3881,0.05948529911104041
3882,0.42429752103978713
3883,0.013206178940081885
3884,0.05505934833638485
3885,0.03487409476726634
3886,0.02103563779888692
3887,0.0486308550487536
3888,0.28642235661167903
3889,0.052557859649132455
3890,0.04541088608813406
3891,0.05557752590311039
3892,0.20797274370567725
3893,0.06078848942470576
3894,0.0866880545424893
3895,0.11667829802293314
3896,0.14421239567649505
3897,0.41297012606181105
3898,0.08130912589649339
3899,0.0163381459352227
3900,0.01794963864694801
3901,0.02065981970001418
3902,0.09479324910526946
3903,0.010638110330161347
3904,0.021422197847053372
3905,0.047981258820997116
3906,0.008516611141517437
3907,0.06668230483797874
3908,0.09840971134176363
3909,0.029053387816691142
3910,0.08804060506173
3911,0.07276349134581875
3912,0.1271080967984991
3913,0.06512806805840617
3914,0.01883689588004806
3915,0.037980685194425066
3916,0.046769780707917104
3917,0.012017458667849859
3918,0.03157654127241314
3919,0.004745618977030061
3920,0.023547010771985438
3921,0.04541088608813406
3922,0.02189039262356146
3923,0.07985229684077899
3924,0.044122132487471044
3925,0.06805549221653519
3926,0.031830320082254976
3927,0.03418073416400275
3928,0.12714028496209712
3929,0.031830320082254976
3930,0.04529730590986341
3931,0.007857553542261708
3932,0.01138112441861555
3933,0.024426971921965954
3934,0.06402034173704577
3935,0.07007511639914173
3936,0.07546195050008078
3937,0.021694274148188315
3938,0.13340783005720935
3939,0.014354077848913035
3940,0.23135451841741858
3941,0.24145666570323368
3942,0.054247942039955706
3943,0.06226374665509119
