id,predicted_class,doc_probs
2483,FailedLords,[2.64518270e-22 1.00000000e+00 1.60688071e-34 2.40537650e-26]
1390,FailedLords,[1.11085229e-14 1.00000000e+00 5.05726556e-21 5.53483571e-20]
2004,FailedLords,[1.09665508e-06 9.99998903e-01 6.95186857e-20 5.76487352e-10]
2568,FailedLords,[6.54487656e-08 9.99917326e-01 1.75225101e-16 8.26080935e-05]
2591,FailedLords,[3.33839835e-02 9.39397553e-01 1.10733158e-19 2.72184638e-02]
3082,FailedLords,[1.58091211e-07 9.99999842e-01 7.69393828e-17 3.63505258e-18]
2892,FailedLords,[2.69175576e-04 9.99727249e-01 3.71788293e-09 3.57172762e-06]
994,FailedLords,[4.23961431e-03 9.95743076e-01 1.45654936e-09 1.73083269e-05]
3139,FailedLords,[1.27811724e-11 1.00000000e+00 2.27336480e-26 7.59326725e-19]
1196,FailedLords,[1.86874025e-02 9.80856951e-01 8.16453367e-22 4.55646482e-04]
198,SuccessLords,[5.93090589e-04 1.68359656e-01 1.69461879e-15 8.31047253e-01]
621,FailedLords,[7.08167823e-34 1.00000000e+00 1.10676500e-40 7.29544620e-18]
506,FailedLords,[5.62650406e-09 9.99994368e-01 1.24954735e-18 5.62675647e-06]
1824,FailedLords,[1.35757657e-29 1.00000000e+00 8.68773445e-38 2.56976263e-24]
396,FailedLords,[7.50645985e-05 8.64514974e-01 8.85257278e-15 1.35409962e-01]
277,FailedLords,[8.93954905e-09 9.99999964e-01 9.10705536e-21 2.74445929e-08]
3513,FailedLords,[1.52937368e-07 9.99985334e-01 1.02357269e-11 1.45130142e-05]
2598,FailedLords,[1.17864389e-03 9.98694178e-01 2.49896086e-09 1.27175652e-04]
2026,FailedLords,[4.21056067e-30 1.00000000e+00 3.52172806e-38 1.27790238e-24]
1588,FailedLords,[4.50780436e-17 1.00000000e+00 3.13984955e-26 3.57226374e-14]
368,FailedLords,[5.65188325e-27 1.00000000e+00 9.16459228e-37 3.26731339e-22]
1192,FailedLords,[7.47544970e-11 9.99999956e-01 7.19275829e-27 4.41675057e-08]
2873,FailedLords,[1.38049385e-06 9.92842035e-01 5.26464517e-13 7.15658403e-03]
2576,FailedLords,[1.68791998e-08 9.99999983e-01 2.14529645e-20 2.34811232e-12]
2552,FailedLords,[2.53132826e-04 9.99537144e-01 1.90634682e-15 2.09722880e-04]
2055,SuccessLords,[3.41328239e-02 3.94827270e-04 3.63370278e-09 9.65472345e-01]
2442,FailedLords,[1.67730248e-08 9.99833384e-01 2.52478673e-19 1.66599255e-04]
2487,FailedLords,[0.11018677 0.51025534 0.00522532 0.37433257]
2018,FailedLords,[2.18614002e-37 1.00000000e+00 7.80090531e-52 1.73968229e-30]
1181,FailedLords,[2.36085970e-09 9.99978655e-01 7.88150005e-20 2.13426594e-05]
1407,SuccessLords,[9.77814624e-07 2.31974715e-02 2.84235368e-18 9.76801551e-01]
2871,FailedLords,[2.14541272e-05 9.99313324e-01 7.18838778e-10 6.65221407e-04]
3388,FailedLords,[7.94319985e-07 9.99810136e-01 6.06733941e-25 1.89069843e-04]
1405,FailedLords,[1.82168803e-13 9.99999892e-01 7.71976209e-22 1.08400054e-07]
1995,FailedLords,[3.85798481e-07 9.94195076e-01 5.42923523e-15 5.80453798e-03]
2878,FailedLords,[1.31954588e-17 1.00000000e+00 1.09192818e-20 1.05654476e-17]
2051,FailedLords,[2.36433289e-04 9.99689350e-01 1.03759435e-08 7.42060924e-05]
2295,FailedLords,[3.25488283e-07 9.99999582e-01 1.73526719e-15 9.25057165e-08]
3164,FailedLords,[1.38258445e-15 1.00000000e+00 7.73531931e-29 4.10644069e-13]
1602,FailedLords,[9.49148562e-04 9.99050851e-01 6.94664304e-20 5.04156177e-10]
3056,FailedCommons,[0.49078015 0.19271316 0.03675641 0.27975028]
2477,FailedLords,[4.76083792e-13 1.00000000e+00 1.26766180e-28 1.96340430e-19]
1819,FailedLords,[2.37331310e-09 9.99999998e-01 3.12505085e-35 2.76927963e-27]
2017,FailedLords,[1.04897505e-04 9.90051767e-01 1.63241346e-13 9.84333574e-03]
3161,FailedLords,[2.71257278e-20 1.00000000e+00 2.34848056e-32 3.11868137e-24]
1803,FailedLords,[1.50762912e-15 1.00000000e+00 5.33558422e-23 1.73623047e-10]
2890,FailedLords,[1.26813111e-02 9.60656386e-01 4.10381030e-07 2.66618924e-02]
2470,FailedLords,[6.25242754e-11 9.99999996e-01 1.52029913e-16 3.75166910e-09]
989,FailedLords,[4.09068578e-07 9.53642464e-01 3.75144615e-14 4.63571272e-02]
1197,FailedLords,[1.74054456e-12 1.00000000e+00 1.77905346e-29 1.24591511e-16]
1615,FailedLords,[3.99577634e-12 1.00000000e+00 1.94187771e-19 7.36956070e-11]
2605,FailedLords,[1.63252561e-04 9.98831788e-01 2.57458860e-13 1.00495936e-03]
2425,SuccessLords,[3.93464177e-02 3.47949265e-01 1.24181179e-06 6.12703076e-01]
856,FailedLords,[4.06030619e-02 9.57852776e-01 1.31004161e-07 1.54403145e-03]
397,FailedLords,[1.40803503e-08 9.99999947e-01 5.02396708e-20 3.89494059e-08]
1388,FailedCommons,[6.07574423e-01 3.92419397e-01 6.95831491e-12 6.18057089e-06]
880,FailedLords,[4.91975679e-06 8.14188354e-01 7.48997550e-09 1.85806719e-01]
1806,FailedLords,[5.65973298e-03 9.94334050e-01 8.95867066e-10 6.21629441e-06]
1009,FailedLords,[1.36855779e-09 9.99999999e-01 2.56167192e-15 1.31746500e-14]
1624,FailedLords,[2.94838853e-14 1.00000000e+00 2.50121339e-21 5.53030250e-19]
2870,FailedLords,[1.52127828e-02 9.46768966e-01 7.28560967e-08 3.80181784e-02]
1998,FailedLords,[3.54768568e-05 9.92620970e-01 9.04268796e-14 7.34355335e-03]
2492,FailedLords,[1.14496285e-13 1.00000000e+00 2.17430961e-29 2.91240722e-12]
931,FailedLords,[4.23961431e-03 9.95743076e-01 1.45654936e-09 1.73083269e-05]
1286,FailedLords,[2.19949104e-20 1.00000000e+00 6.09603633e-24 5.96815712e-15]
3028,FailedLords,[1.01896352e-12 1.00000000e+00 9.90587286e-20 1.03569338e-13]
3078,FailedLords,[1.83445960e-04 9.99653270e-01 3.22029411e-07 1.62961832e-04]
2405,FailedLords,[6.24008649e-09 9.25173349e-01 2.62547132e-17 7.48266445e-02]
2872,FailedLords,[4.21259626e-10 1.00000000e+00 3.98196662e-20 4.68272155e-11]
3186,FailedLords,[4.72036502e-14 1.00000000e+00 6.18292785e-20 3.02869345e-14]
2469,FailedLords,[3.08488332e-07 9.99542908e-01 2.22744418e-16 4.56783512e-04]
2040,FailedLords,[3.88108028e-01 6.11891885e-01 2.99864316e-16 8.75091967e-08]
3074,FailedLords,[2.42213204e-04 9.99741919e-01 2.74048578e-17 1.58676525e-05]
892,FailedLords,[3.52725705e-10 9.99987489e-01 7.07806784e-16 1.25111322e-05]
1593,FailedLords,[1.82512779e-04 9.81989752e-01 3.50457371e-15 1.78277350e-02]
1409,FailedLords,[2.12798588e-11 9.99999998e-01 2.23262786e-09 6.22428630e-16]
3204,FailedCommons,[9.99956987e-01 9.30090327e-06 5.03994966e-14 3.37121406e-05]
3552,FailedLords,[3.08275134e-13 1.00000000e+00 2.88661695e-19 1.76619291e-13]
1929,FailedLords,[1.34332643e-27 1.00000000e+00 1.37455259e-36 5.48714528e-11]
998,FailedLords,[3.39998596e-02 9.64753813e-01 3.31020887e-07 1.24599652e-03]
2286,FailedLords,[5.90145007e-08 9.99033648e-01 1.49375117e-10 9.66292994e-04]
3169,FailedCommons,[0.53343126 0.46037636 0.00316855 0.00302383]
1198,FailedLords,[3.50685817e-10 9.97291029e-01 1.94733168e-14 2.70897111e-03]
2586,FailedLords,[2.58353612e-05 8.86075726e-01 3.17197315e-11 1.13898438e-01]
2883,FailedLords,[3.64872295e-16 1.00000000e+00 5.90665641e-28 9.73680075e-14]
299,FailedLords,[4.04870050e-04 9.86077470e-01 3.45435795e-14 1.35176597e-02]
1488,FailedLords,[7.12984851e-06 9.98939028e-01 6.92028119e-23 1.05384183e-03]
3179,FailedLords,[7.82159687e-12 1.00000000e+00 1.64176435e-23 2.03812831e-10]
1587,FailedLords,[1.99272008e-05 9.99965202e-01 1.48532800e-05 1.74438976e-08]
1190,FailedLords,[1.60176555e-17 1.00000000e+00 1.93325758e-26 2.18043507e-14]
2596,SuccessLords,[5.72065019e-05 1.08375678e-06 2.22081642e-19 9.99941710e-01]
2453,FailedLords,[2.41935800e-03 7.80061894e-01 5.27847526e-10 2.17518748e-01]
543,FailedLords,[7.41132459e-11 9.99999996e-01 8.20669556e-12 3.79442311e-09]
2019,FailedLords,[1.65802108e-15 1.00000000e+00 2.30108891e-19 9.84175587e-17]
1004,FailedLords,[1.74054456e-12 1.00000000e+00 1.77905346e-29 1.24591511e-16]
823,SuccessLords,[2.58204236e-03 2.19415520e-02 1.19479317e-17 9.75476406e-01]
1381,FailedLords,[2.30397811e-18 1.00000000e+00 6.64811636e-34 2.77820527e-19]
2587,FailedLords,[8.83816120e-06 9.99990816e-01 4.48704403e-15 3.45758333e-07]
2280,FailedLords,[2.33794706e-23 1.00000000e+00 1.12528424e-35 1.49270583e-27]
3183,FailedLords,[1.06793241e-05 9.99981858e-01 8.60376472e-13 7.46316014e-06]
2882,FailedCommons,[7.18723067e-01 2.81093807e-01 1.00742040e-12 1.83126118e-04]
2054,FailedLords,[2.85977924e-03 9.96977734e-01 2.71773282e-08 1.62459933e-04]
2539,FailedLords,[2.56156002e-22 1.00000000e+00 1.35556446e-34 2.06285705e-26]
2006,FailedLords,[2.24357709e-01 6.43126283e-01 1.81487217e-08 1.32515990e-01]
2500,FailedLords,[1.92677240e-07 9.98772024e-01 4.91264369e-10 1.22778266e-03]
999,FailedLords,[9.51251923e-06 5.85243128e-01 7.42853350e-13 4.14747360e-01]
1296,FailedLords,[9.05281263e-30 1.00000000e+00 5.47568229e-38 1.40968419e-24]
2410,FailedLords,[8.89748540e-14 5.36438184e-01 5.00050783e-22 4.63561816e-01]
1692,FailedLords,[3.74868733e-01 6.25125204e-01 7.31302562e-15 6.06292957e-06]
443,FailedLords,[1.38266428e-01 5.17297600e-01 2.95370839e-09 3.44435969e-01]
2042,FailedLords,[2.23123424e-03 9.97651273e-01 9.88954935e-13 1.17492717e-04]
1022,FailedLords,[7.03099954e-18 1.00000000e+00 6.20850845e-25 5.66575618e-17]
3089,FailedLords,[6.34112083e-18 1.00000000e+00 2.18884482e-28 9.08004591e-16]
559,FailedCommons,[9.99643143e-01 3.43505164e-04 5.72184981e-10 1.33512090e-05]
1479,FailedLords,[2.30213052e-06 9.48950110e-01 2.54474255e-16 5.10475878e-02]
2037,FailedLords,[2.49426927e-02 9.73791813e-01 4.30198648e-11 1.26549375e-03]
918,FailedLords,[1.03043488e-07 9.99971922e-01 4.82825152e-24 2.79749535e-05]
751,FailedLords,[3.95900937e-06 9.99994620e-01 9.37590963e-15 1.42104787e-06]
1929,FailedLords,[1.34332643e-27 1.00000000e+00 1.37455259e-36 5.48714528e-11]
2543,FailedLords,[4.38756538e-14 1.00000000e+00 4.08200552e-24 6.59031189e-15]
2601,FailedLords,[1.08326367e-11 1.00000000e+00 7.68154022e-26 4.63231702e-10]
2494,FailedLords,[1.19210493e-12 1.00000000e+00 3.72257149e-31 2.86958966e-18]
2038,FailedLords,[7.02590987e-03 9.92923387e-01 4.01678165e-08 5.06627285e-05]
659,FailedLords,[7.27215867e-19 1.00000000e+00 4.34484637e-22 4.51096567e-16]
2318,FailedLords,[3.00448431e-10 1.00000000e+00 7.08339367e-18 7.62448530e-13]
2362,FailedLords,[6.29288906e-08 9.99999937e-01 3.52179061e-22 7.16564464e-16]
3337,FailedLords,[3.17002847e-07 9.99999540e-01 1.29805024e-19 1.43320374e-07]
621,FailedLords,[7.08167823e-34 1.00000000e+00 1.10676500e-40 7.29544620e-18]
658,FailedLords,[1.45172045e-08 9.99999985e-01 1.53604654e-16 1.35032219e-10]
186,FailedLords,[2.86281173e-11 1.00000000e+00 6.15667671e-21 4.97262898e-14]
1189,FailedLords,[3.18372973e-19 1.00000000e+00 2.30926072e-33 1.41591820e-20]
2541,FailedLords,[7.38820739e-09 9.99993598e-01 5.86347574e-12 6.39471614e-06]
2574,FailedLords,[2.50079444e-01 4.80027189e-01 4.93587328e-07 2.69892873e-01]
1814,FailedLords,[1.86419691e-03 9.65641493e-01 3.66018128e-10 3.24943099e-02]
3534,FailedLords,[0.22132985 0.54308363 0.00116295 0.23442357]
820,FailedLords,[3.93767328e-01 4.93734244e-01 2.03053530e-10 1.12498428e-01]
3173,FailedLords,[2.78797324e-05 9.99971648e-01 7.15231205e-16 4.72729201e-07]
2559,FailedLords,[2.84537664e-04 9.99701267e-01 6.18986770e-18 1.41957480e-05]
1333,FailedLords,[4.58597451e-03 9.94487400e-01 4.79859674e-08 9.26577840e-04]
3019,FailedLords,[1.41473015e-17 1.00000000e+00 3.96715775e-26 8.11682156e-15]
1817,FailedCommons,[5.12817296e-01 4.28953375e-01 2.09592023e-09 5.82293268e-02]
1779,FailedLords,[1.41300422e-05 9.99983033e-01 3.49621166e-12 2.83645460e-06]
1812,SuccessLords,[2.69766363e-01 3.41376234e-01 3.92205784e-06 3.88853481e-01]
1810,FailedLords,[1.33656425e-08 9.99997918e-01 2.22161475e-18 2.06844028e-06]
3163,FailedCommons,[5.67257354e-01 3.97678024e-01 5.33295361e-05 3.50112924e-02]
2044,FailedCommons,[6.53125322e-01 3.46874623e-01 6.37684868e-20 5.54435075e-08]
3175,FailedLords,[1.60760770e-12 1.00000000e+00 9.95142317e-20 6.68011771e-14]
1604,FailedLords,[3.11154625e-01 5.86006454e-01 4.82164477e-07 1.02838439e-01]
2511,FailedLords,[7.02590987e-03 9.92923387e-01 4.01678165e-08 5.06627285e-05]
1482,FailedLords,[5.96347858e-03 9.93501391e-01 1.12225081e-10 5.35129846e-04]
2411,FailedLords,[1.97293754e-15 9.86861243e-01 9.23052245e-35 1.31387574e-02]
1605,FailedLords,[1.35824791e-17 1.00000000e+00 3.25315965e-33 2.48734862e-18]
2590,FailedLords,[1.54791717e-09 9.96921342e-01 4.34719836e-14 3.07865652e-03]
2542,FailedLords,[4.75951395e-18 1.00000000e+00 2.94660021e-29 5.55000809e-16]
1795,FailedLords,[2.60082422e-10 9.99999993e-01 1.14315809e-11 6.47961320e-09]
2577,FailedCommons,[4.73746896e-01 4.23315221e-01 1.60461183e-09 1.02937882e-01]
2549,FailedLords,[8.52453121e-03 9.81599791e-01 1.02704584e-05 9.86540734e-03]
2889,FailedLords,[6.24599557e-05 9.99908929e-01 1.27882629e-14 2.86110810e-05]
1829,FailedLords,[1.23986169e-02 9.87500084e-01 1.94391043e-18 1.01298717e-04]
2486,FailedLords,[5.60137025e-10 9.99996745e-01 4.04002327e-13 3.25473325e-06]
3162,FailedLords,[0.00772098 0.64328585 0.00376702 0.34522614]
1827,FailedLords,[1.24401905e-07 9.99999876e-01 1.15079560e-16 2.09290950e-11]
2013,FailedLords,[6.43084369e-09 9.99995310e-01 5.23475393e-12 4.68385004e-06]
1395,FailedLords,[1.05799567e-03 5.89794710e-01 4.71698343e-12 4.09147294e-01]
274,FailedLords,[4.24867358e-08 9.99972619e-01 1.26342026e-14 2.73380746e-05]
2410,FailedLords,[8.89748540e-14 5.36438184e-01 5.00050783e-22 4.63561816e-01]
1831,FailedLords,[2.56955622e-03 9.97410644e-01 2.85723347e-10 1.97992911e-05]
621,FailedLords,[7.08167823e-34 1.00000000e+00 1.10676500e-40 7.29544620e-18]
1600,FailedLords,[8.33071194e-05 9.99227677e-01 6.15995405e-15 6.89015990e-04]
2876,FailedLords,[2.63788814e-16 1.00000000e+00 1.80432714e-30 2.48914119e-22]
2540,FailedLords,[2.70320700e-04 9.99727254e-01 1.84715383e-12 2.42563156e-06]
1785,FailedLords,[1.59930321e-03 8.96728698e-01 3.92745235e-12 1.01671999e-01]
1784,FailedLords,[3.11842187e-03 9.76795923e-01 5.46995606e-14 2.00856548e-02]
1825,SuccessLords,[1.15578262e-01 1.29571838e-01 2.34309187e-08 7.54849877e-01]
3381,FailedLords,[2.92678866e-22 1.00000000e+00 1.09078030e-34 1.24652815e-11]
742,FailedLords,[4.69902171e-08 9.99999916e-01 1.25046307e-19 3.65345594e-08]
3189,FailedLords,[2.02963211e-04 9.94104168e-01 8.14746786e-16 5.69286887e-03]
3335,FailedLords,[1.65306753e-12 1.00000000e+00 1.05243143e-20 2.35073182e-17]
1021,FailedLords,[3.02470121e-06 9.99996975e-01 3.56194100e-18 3.25573587e-12]
3525,FailedCommons,[0.86094125 0.13173614 0.00296504 0.00435758]
1826,FailedLords,[2.85977924e-03 9.96977734e-01 2.71773282e-08 1.62459933e-04]
1299,FailedLords,[5.36876856e-07 9.99851371e-01 1.65469377e-11 1.48092556e-04]
1623,FailedLords,[2.37898132e-01 6.30001022e-01 3.51795271e-08 1.32100810e-01]
357,FailedLords,[1.43837538e-23 6.03178591e-01 3.71539438e-25 3.96821409e-01]
1790,FailedLords,[5.28045451e-02 9.29662126e-01 1.05112968e-06 1.75322776e-02]
2493,FailedLords,[1.97293754e-15 9.86861243e-01 9.23052245e-35 1.31387574e-02]
1540,FailedLords,[3.61207543e-06 9.99996276e-01 2.65186993e-14 1.11649382e-07]
2030,FailedLords,[2.49626726e-04 9.97927883e-01 3.40914817e-17 1.82249030e-03]
3185,FailedLords,[5.61176838e-02 7.40803160e-01 2.14909192e-07 2.03078942e-01]
2505,FailedLords,[1.66803078e-08 9.99999983e-01 2.10970728e-20 2.29863596e-12]
3188,SuccessLords,[1.83344963e-07 1.54965396e-04 1.38701643e-17 9.99844851e-01]
2612,FailedLords,[1.11222018e-07 9.99925951e-01 2.19913773e-20 7.39377479e-05]
2022,SuccessLords,[1.05369949e-02 3.62255407e-01 6.88733428e-15 6.27207598e-01]
292,SuccessLords,[1.07025225e-03 4.16572132e-01 2.40196851e-09 5.82357613e-01]
2573,FailedLords,[1.97293754e-15 9.86861243e-01 9.23052245e-35 1.31387574e-02]
651,FailedLords,[1.77091567e-22 1.00000000e+00 3.46978983e-32 2.97720715e-20]
1066,FailedLords,[7.47544970e-11 9.99999956e-01 7.19275829e-27 4.41675057e-08]
845,FailedLords,[1.12687065e-11 1.00000000e+00 2.94804700e-22 2.46626920e-10]
2874,FailedLords,[4.04479085e-03 9.95952567e-01 3.08729022e-11 2.64168649e-06]
1796,FailedLords,[1.99228227e-37 1.00000000e+00 6.16732078e-52 1.89406624e-30]
2575,FailedLords,[3.12897185e-05 9.99968677e-01 1.55184302e-12 3.35069375e-08]
2614,FailedLords,[5.77303759e-03 9.94183232e-01 6.45189401e-07 4.30848596e-05]
2031,FailedLords,[4.25802775e-08 9.99999957e-01 3.89159647e-20 5.71168502e-12]
2481,FailedLords,[6.43084369e-09 9.99995310e-01 5.23475393e-12 4.68385004e-06]
2589,FailedLords,[2.32630612e-03 9.95907127e-01 2.44590657e-12 1.76656672e-03]
1801,FailedLords,[7.25361852e-03 9.92672886e-01 6.91774600e-08 7.34265536e-05]
991,FailedLords,[1.26237057e-21 1.00000000e+00 1.53542501e-35 1.83706982e-22]
752,FailedLords,[1.17041103e-07 9.99999883e-01 4.08885157e-16 2.45924045e-14]
2592,FailedLords,[1.11577932e-17 1.00000000e+00 1.52715808e-33 9.17147714e-19]
1618,FailedLords,[7.25361852e-03 9.92672886e-01 6.91774600e-08 7.34265536e-05]
1516,FailedLords,[3.96269287e-01 6.03692567e-01 6.67648586e-11 3.81461392e-05]
2564,FailedLords,[2.06537388e-37 1.00000000e+00 7.29666744e-52 1.72050954e-30]
1386,FailedLords,[2.48408249e-05 9.88536779e-01 5.51171113e-13 1.14383804e-02]
1113,FailedLords,[2.28056468e-14 1.00000000e+00 2.77039959e-31 2.24723776e-18]
2475,FailedLords,[2.77970382e-06 9.99997220e-01 1.41225150e-18 6.00301045e-14]
1792,FailedLords,[2.63973410e-02 7.73516822e-01 1.42156852e-10 2.00085837e-01]
1583,FailedLords,[1.05425935e-02 9.89135577e-01 9.61658691e-11 3.21829768e-04]
1780,FailedLords,[1.08998988e-03 8.06761681e-01 4.97256064e-08 1.92148280e-01]
925,FailedLords,[1.03982731e-17 1.00000000e+00 1.02245426e-18 3.42678231e-12]
3522,FailedLords,[5.08823035e-06 9.99985346e-01 7.06442973e-14 9.56543621e-06]
1629,SuccessLords,[9.69548525e-06 1.70885587e-01 4.91108759e-27 8.29104717e-01]
3174,FailedLords,[4.30526096e-04 9.99569474e-01 9.32057499e-33 8.49658585e-16]
2397,FailedLords,[5.84388516e-04 9.99415611e-01 7.23863011e-26 1.45615614e-11]
1626,FailedLords,[4.62641922e-10 9.99999992e-01 1.83026011e-11 7.75116169e-09]
2898,FailedCommons,[9.53053866e-01 4.69135662e-02 3.70550365e-10 3.25675934e-05]
2600,SuccessLords,[4.82414659e-02 9.58054062e-03 1.60422398e-12 9.42177993e-01]
1595,SuccessLords,[1.18781498e-05 3.88405186e-01 7.04072197e-15 6.11582936e-01]
1601,FailedLords,[3.11835829e-05 6.79056413e-01 3.06394729e-16 3.20912404e-01]
367,FailedLords,[6.50102636e-13 1.00000000e+00 1.05474724e-25 1.31738907e-10]
2011,FailedLords,[4.18200907e-01 5.49971882e-01 1.03783273e-07 3.18271079e-02]
265,FailedLords,[5.94588085e-07 9.99227639e-01 2.51181323e-18 7.71766690e-04]
2008,FailedCommons,[9.95217540e-01 4.78245365e-03 5.56620239e-28 6.02966509e-09]
2732,FailedLords,[1.14217571e-04 9.98392803e-01 1.27301641e-09 1.49297783e-03]
655,SuccessLords,[1.91141708e-02 1.04767323e-01 4.43329638e-06 8.76114073e-01]
552,FailedLords,[6.15909485e-08 9.99999609e-01 6.93733491e-22 3.29773641e-07]
3184,FailedLords,[2.54578222e-02 9.74491839e-01 2.83681486e-16 5.03385274e-05]
1194,FailedLords,[2.30397811e-18 1.00000000e+00 6.64811636e-34 2.77820527e-19]
2047,FailedLords,[7.57383807e-09 9.99998933e-01 2.00385090e-13 1.05902186e-06]
2473,FailedLords,[1.33621779e-15 1.00000000e+00 5.03655289e-19 1.00550911e-16]
1575,FailedLords,[5.55040902e-05 9.88774471e-01 6.04146230e-23 1.11700248e-02]
2537,FailedLords,[5.51272028e-09 9.99999994e-01 8.54981513e-29 8.86664651e-19]
557,FailedLords,[3.88574506e-07 9.99979045e-01 2.27694368e-17 2.05659956e-05]
1393,FailedLords,[3.99193036e-22 1.00000000e+00 3.69421502e-39 1.69033065e-23]
1805,FailedLords,[2.28768460e-13 1.00000000e+00 2.25643123e-26 9.35217345e-11]
1821,FailedLords,[2.37898132e-01 6.30001022e-01 3.51795271e-08 1.32100810e-01]
2579,FailedLords,[1.00272632e-18 1.00000000e+00 1.52963857e-21 8.49921906e-19]
650,FailedLords,[3.59816461e-08 9.99839973e-01 3.07317609e-18 1.59990534e-04]
3119,FailedLords,[1.76787993e-01 8.21067560e-01 5.21236559e-13 2.14444630e-03]
2558,FailedLords,[9.97630857e-05 9.99838364e-01 2.53071846e-11 6.18729548e-05]
2057,FailedLords,[5.73702605e-02 9.42629238e-01 3.13903596e-20 5.01145374e-07]
621,FailedLords,[7.08167823e-34 1.00000000e+00 1.10676500e-40 7.29544620e-18]
2869,FailedLords,[5.71632859e-11 1.00000000e+00 1.97195971e-29 1.11963011e-22]
1616,FailedLords,[2.53670388e-02 9.74632921e-01 3.12590185e-21 4.01310743e-08]
1991,SuccessLords,[1.47228196e-03 3.94319218e-01 1.51711213e-14 6.04208500e-01]
2035,FailedLords,[2.13483848e-03 9.59038908e-01 8.36976920e-10 3.88262524e-02]
1005,FailedLords,[8.85257647e-04 9.74276751e-01 1.40298534e-09 2.48379904e-02]
2607,FailedLords,[9.48297830e-11 9.99999999e-01 1.85068654e-23 1.12190732e-09]
2531,FailedLords,[7.66958640e-12 1.00000000e+00 9.41448513e-28 2.26276973e-21]
2491,FailedLords,[1.36223790e-05 9.99861187e-01 1.15582263e-12 1.25190566e-04]
1788,SuccessLords,[6.08471064e-15 2.47459237e-12 7.06574581e-23 1.00000000e+00]
2034,FailedLords,[2.58580176e-22 1.00000000e+00 6.00572566e-33 5.15192587e-18]
1379,FailedLords,[1.66650494e-12 1.00000000e+00 2.38783767e-25 9.40247607e-13]
1383,FailedLords,[4.43274002e-38 1.00000000e+00 3.83964507e-53 5.66333106e-31]
1077,SuccessLords,[9.42054345e-07 4.79313954e-02 4.18147756e-18 9.52067663e-01]
1408,FailedLords,[3.38630018e-16 1.00000000e+00 2.96225081e-23 2.17913982e-13]
553,FailedLords,[9.32158846e-04 9.61497143e-01 2.90996920e-05 3.75415985e-02]
1582,FailedLords,[2.39077791e-09 9.99999997e-01 1.16943756e-21 8.25819114e-10]
2578,FailedLords,[2.78088788e-03 9.93736004e-01 1.36128790e-12 3.48310825e-03]
549,FailedLords,[4.20748628e-23 1.00000000e+00 3.43333386e-33 3.13516129e-21]
485,FailedLords,[3.83492922e-07 9.99976038e-01 2.45407553e-17 2.35784339e-05]
2502,FailedLords,[1.49463879e-01 8.00934893e-01 1.63377016e-04 4.94378511e-02]
1786,FailedLords,[2.62220089e-05 9.88176717e-01 8.23078097e-11 1.17970606e-02]
2879,FailedLords,[5.12730367e-04 9.99484832e-01 8.75127481e-16 2.43722972e-06]
2499,FailedLords,[3.08822808e-05 9.99969092e-01 1.22435799e-12 2.61542030e-08]
1596,FailedLords,[4.18154041e-12 1.00000000e+00 6.67759652e-15 2.04647065e-11]
1174,SuccessLords,[9.47798080e-07 5.28187962e-02 5.34301364e-18 9.47180256e-01]
357,FailedLords,[1.43837538e-23 6.03178591e-01 3.71539438e-25 3.96821409e-01]
1614,FailedLords,[2.33208117e-05 9.99319688e-01 3.98876853e-21 6.56991626e-04]
1136,FailedLords,[2.27501445e-04 9.99769150e-01 4.11044520e-21 3.34873620e-06]
1316,SuccessLords,[4.90142697e-18 3.32474642e-14 1.86489437e-24 1.00000000e+00]
1611,FailedLords,[2.04330034e-14 1.00000000e+00 1.27525496e-20 7.19613620e-12]
2033,FailedLords,[1.61945089e-03 9.98205912e-01 1.15648633e-17 1.74637395e-04]
2021,FailedLords,[1.17596187e-13 1.00000000e+00 1.86789888e-21 5.22374268e-11]
995,FailedLords,[3.78895074e-05 9.94423027e-01 2.98452739e-09 5.53908022e-03]
1400,FailedCommons,[9.99998634e-01 1.36550680e-06 3.12319946e-28 1.11712329e-15]
2557,SuccessLords,[1.94283395e-01 1.44540671e-01 4.87045950e-07 6.61175448e-01]
2562,FailedLords,[9.50285809e-35 1.00000000e+00 9.00274902e-56 1.77160507e-25]
621,FailedLords,[7.08167823e-34 1.00000000e+00 1.10676500e-40 7.29544620e-18]
555,FailedLords,[1.26276619e-03 6.84202265e-01 9.77621985e-09 3.14534959e-01]
1191,FailedLords,[3.42171526e-13 1.00000000e+00 1.11566653e-28 6.31758814e-19]
1793,FailedLords,[5.54314147e-17 1.00000000e+00 1.15308626e-26 1.14837584e-13]
2703,FailedLords,[1.24331557e-08 9.99999839e-01 1.51250108e-18 1.48523722e-07]
1994,FailedLords,[1.00766628e-13 1.00000000e+00 2.48487911e-16 4.34025656e-13]
1392,FailedCommons,[9.63771871e-01 3.62281285e-02 6.89718289e-41 3.60927137e-10]
2606,FailedLords,[6.45059670e-02 5.47148718e-01 1.53629388e-08 3.88345300e-01]
1818,FailedLords,[2.33355820e-17 1.00000000e+00 7.01116258e-33 5.35875355e-18]
2548,FailedCommons,[8.24685071e-01 1.75021463e-01 4.48022589e-09 2.93461492e-04]
2506,FailedLords,[2.16131321e-06 9.99997839e-01 8.16934081e-20 3.42279931e-11]
2036,FailedCommons,[7.40373031e-01 1.14805429e-01 1.82129694e-10 1.44821540e-01]
2599,FailedLords,[1.74594955e-02 9.82155026e-01 3.30960753e-06 3.82168967e-04]
2528,FailedLords,[1.95356083e-06 9.99998046e-01 7.20245007e-20 4.46913593e-11]
1000,FailedLords,[9.84295642e-16 1.00000000e+00 4.32146395e-25 3.47038040e-15]
1758,FailedLords,[1.03849907e-06 9.99737711e-01 1.51162229e-16 2.61250761e-04]
1580,SuccessLords,[2.22853842e-01 3.85685321e-01 1.59581844e-06 3.91459241e-01]
2405,FailedLords,[6.24008649e-09 9.25173349e-01 2.62547132e-17 7.48266445e-02]
288,FailedLords,[1.54146736e-04 9.99771597e-01 4.26590712e-05 3.15969352e-05]
1808,FailedLords,[1.62535727e-04 9.93788489e-01 1.01886650e-12 6.04897489e-03]
2588,FailedLords,[4.58033117e-07 9.99591480e-01 4.31074237e-16 4.08061541e-04]
2235,FailedLords,[3.75482803e-09 9.99999996e-01 1.07038991e-22 2.31228799e-10]
366,FailedLords,[1.92165662e-14 9.99986421e-01 1.04134489e-09 1.35781810e-05]
3328,FailedLords,[1.30470390e-06 9.99996617e-01 1.17003709e-17 2.07780858e-06]
2569,FailedLords,[4.65048608e-22 1.00000000e+00 2.52643371e-33 6.78591389e-18]
1007,FailedLords,[7.69989483e-23 1.00000000e+00 6.94150219e-33 2.12074172e-21]
2618,FailedLords,[1.83712359e-19 1.00000000e+00 1.89771514e-23 7.68341157e-14]
1396,FailedLords,[4.18154041e-12 1.00000000e+00 6.67759652e-15 2.04647065e-11]
657,FailedLords,[6.38017354e-06 9.99993619e-01 7.32410814e-11 4.56448571e-10]
3313,FailedLords,[1.03947531e-04 9.99769540e-01 3.82916147e-07 1.26129405e-04]
2602,FailedLords,[7.02590987e-03 9.92923387e-01 4.01678165e-08 5.06627285e-05]
3085,FailedLords,[5.26914717e-17 1.00000000e+00 1.08540032e-21 1.47685599e-21]
2884,SuccessLords,[0.01475252 0.10743075 0.00882006 0.86899667]
2023,FailedLords,[1.02049334e-06 9.99993762e-01 1.10586469e-16 5.21732284e-06]
1802,FailedLords,[1.24468378e-02 6.05413999e-01 9.87779299e-05 3.82040385e-01]
2597,FailedLords,[1.27358138e-04 8.28773335e-01 1.36272541e-10 1.71099306e-01]
3176,FailedLords,[5.96770237e-05 9.99579513e-01 9.53685033e-14 3.60810038e-04]
3321,FailedLords,[5.37436248e-09 9.99991993e-01 2.57559961e-20 8.00183124e-06]
2547,FailedLords,[6.66839556e-05 9.99793878e-01 1.16076985e-08 1.39426142e-04]
2545,FailedLords,[1.17010289e-14 9.99904557e-01 2.25857357e-11 9.54434758e-05]
1992,FailedLords,[1.28486648e-01 6.01079361e-01 1.19735892e-07 2.70433871e-01]
990,FailedLords,[2.04037941e-16 1.00000000e+00 1.57879620e-25 6.74186979e-14]
2515,FailedLords,[1.60741590e-02 9.38745598e-01 9.16641648e-05 4.50885786e-02]
362,FailedLords,[1.16892970e-13 9.99999994e-01 5.53859104e-09 4.86047341e-10]
3140,FailedLords,[1.65306753e-12 1.00000000e+00 1.05243143e-20 2.35073182e-17]
3315,FailedLords,[4.37665423e-11 1.00000000e+00 6.65361322e-30 2.26602431e-23]
2050,FailedLords,[1.53951424e-14 1.00000000e+00 1.46381019e-53 1.49534334e-34]
705,FailedLords,[1.32431091e-10 9.99999996e-01 1.17722271e-11 4.18377801e-09]
1794,FailedLords,[1.59213802e-15 1.00000000e+00 1.85274755e-32 1.50231340e-18]
973,FailedLords,[1.26237057e-21 1.00000000e+00 1.53542501e-35 1.83706982e-22]
2611,FailedLords,[1.31954647e-14 1.00000000e+00 2.41812283e-21 2.05091060e-11]
1186,FailedLords,[4.74920564e-02 9.52186925e-01 1.06837129e-05 3.10334429e-04]
796,FailedLords,[4.55580614e-09 9.99999983e-01 1.72739699e-21 1.26265810e-08]
3332,FailedLords,[4.24868966e-12 1.00000000e+00 2.67141038e-18 1.47610485e-12]
364,FailedLords,[1.54146736e-04 9.99771597e-01 4.26590712e-05 3.15969352e-05]
900,FailedLords,[0.21485278 0.70087662 0.0813976  0.002873  ]
2516,FailedLords,[1.09499841e-28 1.00000000e+00 1.19997213e-33 5.45588839e-19]
1594,FailedLords,[5.93558558e-03 9.93547725e-01 9.73489412e-11 5.16689499e-04]
2039,FailedLords,[1.06996383e-09 9.99999999e-01 2.91518847e-25 4.33695256e-14]
1590,FailedLords,[1.06900659e-17 1.00000000e+00 4.12180620e-37 4.02954541e-21]
2005,FailedLords,[3.19328126e-02 9.68008456e-01 1.45524650e-07 5.85862459e-05]
2507,FailedLords,[1.13949487e-03 9.98757176e-01 1.53208067e-17 1.03328708e-04]
3538,FailedLords,[6.32337580e-15 1.00000000e+00 1.12420316e-28 2.21026691e-21]
1999,FailedLords,[2.64351872e-09 9.99999995e-01 3.68139961e-19 2.00573293e-09]
556,SuccessLords,[2.43173339e-06 1.22386270e-05 6.28108374e-14 9.99985330e-01]
2613,FailedLords,[7.66578589e-02 6.08261496e-01 9.22715772e-08 3.15080553e-01]
1288,FailedLords,[1.68115208e-13 9.99999898e-01 9.04335615e-22 1.01902053e-07]
394,SuccessLords,[1.19397325e-02 1.62823915e-01 2.34029765e-06 8.25234012e-01]
184,SuccessLords,[1.95070927e-06 3.31661543e-01 2.85259130e-19 6.68336507e-01]
2510,FailedLords,[1.85997236e-15 1.00000000e+00 1.24236803e-25 6.60975181e-16]
1809,FailedLords,[1.01893941e-13 1.00000000e+00 2.34049568e-16 3.94205036e-13]
2623,FailedLords,[1.15557155e-10 1.00000000e+00 8.20648930e-19 8.81346949e-12]
2556,SuccessLords,[8.74068396e-03 4.37172238e-01 5.74263757e-10 5.54087078e-01]
2467,FailedLords,[3.70289336e-19 1.00000000e+00 2.52796379e-24 1.72105978e-13]
2885,FailedCommons,[0.47596748 0.22756386 0.00106498 0.29540368]
1627,FailedLords,[9.44397004e-20 1.00000000e+00 1.07821307e-31 4.62250934e-17]
997,FailedLords,[4.59874128e-12 1.00000000e+00 1.14376281e-22 9.01976991e-12]
3156,FailedLords,[8.73661276e-16 1.00000000e+00 1.73224648e-25 4.38614766e-12]
2495,FailedLords,[2.97462771e-08 9.99999967e-01 1.08541740e-18 3.47072305e-09]
2582,SuccessLords,[3.83396344e-01 1.53227370e-01 1.56829600e-13 4.63376286e-01]
3493,FailedLords,[1.78221640e-01 8.11909049e-01 1.10345891e-04 9.75896586e-03]
874,FailedLords,[9.35633446e-11 9.99999963e-01 1.50927718e-26 3.71497078e-08]
2501,FailedLords,[4.55685009e-03 9.95433654e-01 1.62607180e-14 9.49591688e-06]
1008,FailedLords,[1.12403378e-05 9.99988757e-01 3.77541947e-10 2.12613581e-09]
1607,FailedLords,[2.48651265e-02 9.73813867e-01 2.36177359e-05 1.29738838e-03]
1993,FailedLords,[2.26572299e-17 1.00000000e+00 2.47678290e-27 2.48011797e-16]
1385,FailedLords,[9.05281263e-30 1.00000000e+00 5.47568229e-38 1.40968419e-24]
1612,FailedLords,[2.34948447e-09 9.99999925e-01 3.65393604e-21 7.23087225e-08]
1023,FailedLords,[3.18419122e-10 1.00000000e+00 1.28006606e-26 5.26012294e-13]
2554,FailedLords,[8.17465850e-08 9.99999918e-01 7.91451800e-22 1.03085715e-14]
1185,FailedLords,[1.19904891e-15 1.00000000e+00 4.77368530e-23 6.09459026e-15]
2581,FailedLords,[1.60537180e-13 1.00000000e+00 1.08854817e-21 3.02569328e-11]
827,SuccessLords,[3.77988233e-05 3.74154311e-01 8.96351746e-17 6.25807890e-01]
3033,FailedLords,[2.62088123e-35 1.00000000e+00 7.70884836e-50 3.46558171e-29]
3170,FailedCommons,[9.99366323e-01 6.33668994e-04 5.74759617e-22 7.73613167e-09]
3181,FailedLords,[7.78754463e-04 9.99221245e-01 1.19568947e-19 3.23929842e-10]
988,FailedLords,[1.03982731e-17 1.00000000e+00 1.02245426e-18 3.42678231e-12]
1586,FailedLords,[2.39768047e-01 7.60133414e-01 7.66181111e-15 9.85393353e-05]
2480,FailedLords,[3.22521354e-09 9.99999997e-01 3.39804234e-25 3.16361422e-11]
3178,FailedLords,[1.99903845e-19 1.00000000e+00 3.68102549e-26 8.93205629e-18]
1789,FailedLords,[3.23777897e-06 9.99996762e-01 8.22619108e-19 1.98130641e-10]
2052,FailedLords,[1.34906521e-17 1.00000000e+00 6.14662370e-35 4.85491316e-21]
2003,FailedLords,[2.58082529e-02 9.71892988e-01 2.75252858e-06 2.29600647e-03]
1193,FailedLords,[9.24060330e-10 9.99999999e-01 2.29203759e-18 1.05597102e-12]
1182,FailedLords,[6.78495730e-17 1.00000000e+00 3.95231029e-28 7.28627815e-18]
2484,FailedLords,[4.22551077e-18 1.00000000e+00 2.99133702e-29 1.19336596e-15]
2555,FailedLords,[1.00002944e-17 1.00000000e+00 4.12435328e-35 3.07304632e-21]
2610,FailedLords,[4.33812256e-06 9.99995635e-01 1.02316259e-17 2.73563425e-08]
1621,FailedLords,[1.59930321e-03 8.96728698e-01 3.92745235e-12 1.01671999e-01]
3685,FailedLords,[2.96826222e-05 9.99952486e-01 2.44800653e-12 1.78318251e-05]
449,FailedLords,[1.14763592e-12 9.99999592e-01 7.54025617e-19 4.07515657e-07]
3034,FailedCommons,[9.18282646e-01 8.17161478e-02 4.52270669e-19 1.20609885e-06]
2472,SuccessLords,[9.17691087e-02 4.44646765e-01 9.92533908e-05 4.63484873e-01]
3309,FailedLords,[8.61325558e-14 1.00000000e+00 1.09259391e-22 1.27558605e-17]
996,FailedLords,[1.16766875e-06 9.99997916e-01 5.69524086e-18 9.15850797e-07]
1398,FailedLords,[1.10699624e-18 1.00000000e+00 1.50002807e-35 3.38836511e-15]
1349,FailedLords,[1.41138823e-28 1.00000000e+00 1.57645939e-39 3.00677719e-23]
1797,FailedLords,[6.17026766e-08 9.99999938e-01 4.32830726e-22 3.73332586e-16]
369,FailedLords,[1.29410121e-02 7.21973043e-01 4.64299055e-13 2.65085945e-01]
1828,FailedLords,[1.26240642e-12 9.99999999e-01 2.35876988e-17 7.15805711e-10]
2016,FailedCommons,[9.02576738e-01 9.57363879e-02 5.60570613e-09 1.68686808e-03]
3166,FailedLords,[1.07366634e-02 9.38158852e-01 4.34571670e-11 5.11044845e-02]
1783,FailedLords,[4.24855590e-12 1.00000000e+00 2.33957138e-19 7.28469431e-11]
1608,FailedLords,[9.80822670e-04 9.96186051e-01 3.06079561e-10 2.83312582e-03]
2321,FailedLords,[1.66235835e-19 1.00000000e+00 1.75920035e-23 7.39107844e-14]
2538,FailedLords,[7.20592270e-14 1.00000000e+00 7.46548618e-26 2.72280751e-10]
1010,SuccessLords,[3.77988233e-05 3.74154311e-01 8.96351746e-17 6.25807890e-01]
1157,FailedLords,[1.88733528e-12 1.00000000e+00 4.03497260e-20 2.49437600e-12]
2048,FailedLords,[3.31567585e-01 6.67097823e-01 8.23831914e-13 1.33459238e-03]
363,FailedLords,[4.29567845e-11 1.00000000e+00 4.58713609e-21 6.32117419e-14]
465,FailedLords,[5.99780463e-07 9.99979300e-01 1.23030400e-13 2.01001845e-05]
2513,FailedLords,[3.32780204e-08 9.99999963e-01 3.01998345e-19 3.33761662e-09]
867,FailedLords,[3.07388943e-16 1.00000000e+00 9.66417315e-25 1.30013039e-13]
3095,FailedLords,[1.03431397e-02 9.85653810e-01 1.56459218e-14 4.00305023e-03]
1188,FailedLords,[4.17019566e-01 5.82795427e-01 3.60536889e-12 1.85007715e-04]
374,FailedLords,[1.69447302e-07 9.99999796e-01 4.02453176e-14 3.46776500e-08]
2049,FailedLords,[4.36057089e-01 4.78721617e-01 6.04642098e-10 8.52212937e-02]
3171,FailedLords,[2.01853873e-09 9.99999998e-01 1.19213386e-21 1.18054153e-13]
2619,FailedLords,[1.26943972e-06 9.99998120e-01 1.60521051e-20 6.10788753e-07]
2000,FailedLords,[1.43385134e-07 9.99999804e-01 5.08777348e-15 5.26863920e-08]
2512,FailedLords,[5.13982935e-22 1.00000000e+00 2.78779424e-33 6.87769902e-18]
1394,FailedLords,[3.32547294e-11 9.99999998e-01 1.62650033e-18 1.77872548e-09]
1115,FailedLords,[6.27191289e-06 9.99993669e-01 1.83116584e-14 5.88394569e-08]
1997,FailedLords,[5.14388706e-04 9.99456388e-01 2.35386830e-15 2.92235666e-05]
2536,FailedLords,[1.34215873e-13 1.00000000e+00 2.57143629e-34 3.18615301e-21]
1625,FailedCommons,[9.88767641e-01 1.11748135e-02 7.29061077e-07 5.68168908e-05]
3144,FailedLords,[1.03662361e-04 9.90330939e-01 1.38247610e-13 9.56539815e-03]
1830,FailedCommons,[8.83729171e-01 1.16270761e-01 4.16511624e-12 6.73824192e-08]
2485,FailedLords,[1.76584291e-09 9.96873464e-01 5.43869428e-14 3.12653412e-03]
1183,FailedLords,[8.18842739e-02 6.47823235e-01 1.44086183e-08 2.70292476e-01]
2566,FailedLords,[1.33621779e-15 1.00000000e+00 5.03655289e-19 1.00550911e-16]
3180,FailedLords,[3.42808740e-10 1.00000000e+00 1.33420298e-18 3.83339647e-23]
2887,FailedLords,[1.82236581e-01 8.12471958e-01 1.30053108e-05 5.27845506e-03]
2595,FailedLords,[2.09215322e-02 7.68791392e-01 9.58881096e-06 2.10277487e-01]
2012,FailedLords,[6.78751028e-11 1.00000000e+00 6.96080112e-32 2.55869100e-20]
1384,FailedLords,[6.96116121e-04 9.97656662e-01 1.47537650e-10 1.64722165e-03]
2571,FailedLords,[0.11018677 0.51025534 0.00522532 0.37433257]
