id,predicted_class,doc_probs
1942,FailedCommons,[-18.05986241 -19.57665802 -41.61005072 -26.15387707]
2910,FailedCommons,[ -64.283901    -77.62436571 -103.35510293  -79.22149234]
3279,FailedCommons,[ -58.51283232  -72.24843715 -101.2251198   -77.42870021]
1271,FailedCommons,[-38.1668955  -51.09873134 -76.0018582  -47.65905588]
2747,FailedCommons,[-30.56983555 -49.68828906 -65.64562263 -34.89382422]
915,FailedCommons,[-17.59757142 -21.24013713 -38.8095241  -22.03926608]
3580,FailedCommons,[-40.40578425 -54.33578285 -67.27870867 -52.12021258]
3030,FailedCommons,[-58.91861454 -66.8169654  -96.99605255 -67.86231481]
2961,FailedCommons,[-42.55507835 -48.89929319 -73.12433194 -48.58532457]
2072,FailedLords,[ -89.20649956  -60.31666437 -124.78278749  -89.89029273]
1203,FailedCommons,[-116.90564506 -134.68244362 -181.91881696 -154.96109531]
3273,FailedCommons,[-35.84006079 -37.70778393 -58.21182301 -38.52008519]
236,FailedCommons,[ -82.25065211 -106.57409544 -143.40687378 -111.67821522]
1533,FailedCommons,[-29.69485258 -53.32485759 -64.32819509 -63.13229867]
2066,FailedCommons,[ -94.83958076 -113.17292829 -141.62704689  -97.72423572]
634,FailedCommons,[-20.72310204 -24.31387256 -40.09751965 -22.7793693 ]
878,FailedCommons,[-58.0032079  -73.23555081 -95.27213737 -79.95944379]
266,FailedCommons,[ -86.89077056 -119.10066696 -153.96947746 -139.50165211]
2794,FailedCommons,[-17.83924228 -22.90471358 -32.70955296 -23.48916204]
301,FailedCommons,[ -54.53836362  -66.04432161 -103.01370649  -68.26412381]
757,FailedCommons,[ -80.4802753   -98.28624165 -120.75147517  -92.28879778]
2962,FailedLords,[-26.39419577 -25.94939633 -44.49883359 -31.65811596]
2067,SuccessLords,[ -84.45569389  -91.92135033 -129.75603     -80.61290766]
2155,FailedCommons,[-18.05986241 -19.57665802 -41.61005072 -26.15387707]
2631,FailedCommons,[ -79.10816017 -110.49917577 -137.29473429 -105.76434033]
256,FailedCommons,[ -93.27717838 -110.52499825 -148.16058292  -99.10813115]
3302,FailedLords,[-20.12560147 -18.99416343 -46.04687645 -31.42323438]
1220,SuccessLords,[-105.3678161  -123.16078644 -158.45590253  -94.39413531]
451,FailedCommons,[ -72.43318122  -81.21962907 -109.22400416  -79.1448334 ]
2976,FailedCommons,[-27.4906551  -35.60251335 -55.23434931 -37.94008208]
1215,FailedCommons,[ -66.35552771  -82.97002506 -105.10033896  -77.68716662]
2090,FailedCommons,[-42.48030979 -53.01264758 -75.91947646 -48.16870445]
2428,FailedCommons,[-37.41790987 -50.22168762 -66.96586697 -51.74931574]
1843,FailedCommons,[-110.27622468 -129.277287   -151.14596548 -137.65631103]
788,FailedCommons,[-63.42485482 -76.89271772 -95.71159228 -79.48270595]
2070,FailedCommons,[-21.72971861 -34.15880976 -49.99897825 -32.08593384]
1704,FailedCommons,[-60.19136912 -66.76870269 -90.51310264 -68.61103662]
1542,SuccessLords,[ -75.41381739  -74.38862319 -103.64393734  -72.37015144]
446,FailedCommons,[ -86.82517496 -118.97684849 -153.44205582 -138.91185115]
2952,FailedCommons,[ -47.44219754  -92.92044685 -122.68892029  -90.83298238]
224,FailedCommons,[-138.28480606 -168.60703992 -199.10806379 -157.98889862]
457,FailedCommons,[ -69.9833418   -82.42674175 -103.41307014  -84.05947826]
2441,FailedCommons,[-38.42499352 -46.86348779 -72.44413259 -63.89229087]
3269,FailedCommons,[-52.17175879 -54.14241258 -67.35728511 -54.68518639]
1962,FailedCommons,[-47.32633748 -65.38981188 -92.01776896 -64.59654528]
3227,FailedCommons,[ -62.71942229  -70.70282434 -103.06782923  -69.68410848]
1074,FailedCommons,[-41.13851176 -49.09445185 -66.97495944 -46.47867795]
579,FailedCommons,[-28.60325318 -37.86443132 -52.79591834 -34.09462406]
3551,FailedCommons,[-39.60431705 -43.53677687 -62.4420605  -42.84997241]
2169,FailedCommons,[-29.39535902 -46.05688905 -57.94638278 -43.50401785]
429,FailedCommons,[-62.99767446 -78.79895772 -94.48216482 -72.5532493 ]
424,FailedCommons,[-36.25237137 -47.93856643 -61.88989341 -49.67063853]
893,FailedCommons,[-54.43851386 -59.76364054 -76.24879325 -56.68085652]
784,FailedCommons,[-46.9513203  -48.08185628 -82.90383479 -61.0436148 ]
1444,FailedCommons,[ -7.99573671 -13.98275111 -29.44821318 -22.88041066]
1062,FailedCommons,[-136.36692483 -152.74399173 -198.1391819  -173.385969  ]
2161,FailedCommons,[-13.37634938 -19.9892203  -24.88845513 -21.49875097]
2791,FailedCommons,[ -60.49667684  -78.63071889 -101.32110922  -84.62045889]
2421,FailedCommons,[-29.51648202 -32.15890112 -50.90002838 -38.93739963]
967,FailedCommons,[-133.66959056 -159.53265184 -197.33198601 -158.20625958]
477,FailedCommons,[-205.03741383 -263.49214992 -272.85698961 -250.57539268]
2341,FailedCommons,[-44.48843111 -47.05165935 -66.78119143 -47.28488775]
428,FailedLords,[-68.1011873  -51.22102327 -90.89713011 -67.61021074]
2939,FailedCommons,[-25.13176603 -28.87487773 -45.31582422 -37.99223164]
775,FailedCommons,[-31.52779325 -36.32283995 -50.03419279 -33.71770403]
1491,SuccessLords,[-61.99216122 -62.68630146 -81.59615949 -60.12747035]
909,SuccessLords,[ -81.84422778  -90.90340607 -113.7913109   -81.59689657]
2685,FailedCommons,[ -50.71816149  -99.14651282 -130.53477925  -95.58547321]
1435,FailedCommons,[-51.19908297 -65.79455435 -96.88692311 -82.26821069]
258,FailedLords,[-52.09246816 -51.06171158 -81.52826778 -57.23250507]
2971,FailedCommons,[-46.41319799 -67.04614595 -81.66486343 -50.66421351]
3500,FailedCommons,[-37.84637214 -49.04544325 -85.19520699 -67.1732013 ]
2172,FailedCommons,[-122.90913225 -167.67154966 -187.62720248 -146.01502891]
3668,FailedCommons,[-55.62717693 -59.9049394  -91.76448599 -70.2538198 ]
780,FailedCommons,[-25.61577164 -26.42761175 -35.09290146 -27.9021806 ]
2958,FailedCommons,[ -44.79890722  -68.80724503 -111.77234545  -79.21386867]
3356,FailedCommons,[-38.24418367 -43.92479301 -56.50159531 -43.94513721]
3397,FailedCommons,[-48.01331235 -66.6740228  -99.92230991 -80.40435998]
1467,FailedCommons,[-59.03862828 -79.42300708 -86.59199019 -78.36796971]
1075,FailedCommons,[-36.31773906 -48.15866024 -60.77327939 -50.97080136]
1509,FailedCommons,[-37.66006192 -50.58348397 -75.79498501 -52.19234109]
2674,FailedCommons,[-21.64880801 -36.37861907 -46.79746973 -35.18795581]
3462,FailedCommons,[ -64.33092933 -104.62051808 -123.42382073  -99.71185192]
416,FailedCommons,[-45.82100583 -49.10264885 -73.95015381 -55.40994543]
1851,FailedCommons,[ -74.10183512  -85.2428009  -110.46560669  -75.23512802]
3322,FailedCommons,[-45.5674127  -72.86173943 -96.6167848  -73.45546867]
2293,FailedCommons,[ -61.0520299   -82.207246   -109.38766885  -81.68337756]
588,FailedCommons,[ -80.8062932   -88.75742274 -102.98318826  -81.44806742]
1965,FailedCommons,[-33.65791723 -38.01480513 -61.61078768 -45.85826656]
2638,FailedCommons,[-20.82522444 -24.67736024 -34.95137847 -26.98294672]
1708,FailedCommons,[-38.35367982 -45.21305629 -60.02851422 -45.88418167]
232,SuccessLords,[-55.1945279  -55.61647862 -89.04889116 -54.83501797]
3587,SuccessLords,[-32.25620798 -33.05651722 -51.26843583 -29.09143508]
250,SuccessLords,[-52.6604031  -60.40336517 -80.51281318 -51.41353682]
1688,FailedCommons,[-39.49095083 -39.58582856 -71.34066612 -48.46026839]
2936,FailedCommons,[-34.28390892 -48.5032364  -49.33542476 -49.11352202]
305,FailedCommons,[-46.50997879 -67.46545009 -87.55457126 -56.48328897]
1893,FailedCommons,[-68.30336301 -76.86774578 -99.89388358 -71.54926928]
2152,FailedCommons,[-45.907221   -51.9306279  -76.64743118 -51.69602426]
2746,FailedCommons,[-44.18460911 -50.13768295 -66.43327913 -55.00641665]
2327,FailedCommons,[ -70.82043527 -100.13554418 -121.58341095  -91.79768446]
448,FailedCommons,[-22.20755182 -27.85705137 -65.14031326 -26.64635384]
278,FailedCommons,[-25.41875488 -34.14938008 -43.48954329 -37.25176725]
2913,SuccessLords,[-54.68541413 -63.29771681 -86.99170984 -53.45467746]
1294,FailedLords,[ -86.06680975  -63.00582549 -125.45383801 -104.45459161]
1034,SuccesCommons,[-134.95906053 -146.52855394 -130.73915887 -142.81057399]
1096,SuccessLords,[-49.98378501 -51.25923511 -66.11739266 -48.56021657]
3706,FailedCommons,[ -49.5897136   -67.63814155 -102.41371933  -82.55857317]
2988,FailedCommons,[-10.60045363 -23.11370181 -24.97854967 -19.28392518]
3642,FailedCommons,[-27.48898915 -35.60774693 -55.20324439 -39.4044524 ]
2457,FailedCommons,[-51.33031958 -66.60934849 -99.54581458 -75.24985475]
2686,FailedCommons,[-31.51821598 -36.5813915  -59.94040162 -43.52494868]
3430,FailedCommons,[-46.21850894 -73.26680551 -97.30042257 -73.9625512 ]
3407,FailedCommons,[-52.25373529 -63.45591576 -92.25897544 -74.00247964]
1909,FailedCommons,[-16.17598798 -21.31424954 -27.61939536 -18.78174888]
1061,FailedCommons,[-51.91290509 -62.71676617 -70.20129837 -63.54240345]
1083,FailedCommons,[-32.49435092 -43.77907109 -45.92285949 -42.79097925]
3404,FailedCommons,[ -84.90717271 -130.6636618  -164.60904297 -127.52827384]
1103,FailedCommons,[-54.73078852 -61.39957917 -92.54308894 -67.76842671]
3011,FailedCommons,[-47.4160067  -72.38748554 -87.29412387 -71.11745274]
439,FailedCommons,[ -66.96837411  -96.17666988 -123.1123186   -95.34600833]
2927,FailedCommons,[-51.66044414 -58.02231441 -77.15189761 -56.36043874]
2199,SuccessLords,[-42.34996213 -53.30991055 -68.14621995 -37.01887495]
413,FailedLords,[-68.12837912 -60.10401328 -98.70129069 -71.40935368]
2085,SuccessLords,[-32.60625572 -34.41101731 -47.69282057 -30.17740185]
3005,FailedCommons,[-62.26851499 -69.86518824 -86.62229431 -78.16049626]
1431,FailedCommons,[-57.20445704 -71.2302956  -94.54934019 -66.81889709]
1317,FailedCommons,[-134.79113546 -148.37808068 -222.65673468 -172.48678787]
3297,FailedCommons,[-30.56059116 -39.65257838 -59.68771101 -36.48508748]
2285,FailedCommons,[-35.08673319 -41.71876948 -70.73526185 -52.37895922]
2743,FailedLords,[-17.86554992 -16.86950493 -29.94420898 -18.34984159]
2223,FailedCommons,[-20.48906877 -25.35034705 -44.7012674  -25.31264451]
3094,FailedCommons,[ -34.03392611 -109.92686259  -93.53176623  -88.54544072]
1553,FailedCommons,[-52.03960815 -54.24498921 -83.06031112 -62.8668813 ]
2949,SuccessLords,[-54.99015096 -60.7616832  -79.9233342  -51.75563809]
3650,FailedCommons,[-33.58396069 -51.24205741 -82.0316445  -53.83681809]
745,FailedCommons,[-37.01140851 -50.82525608 -69.33391655 -55.54023981]
3081,FailedCommons,[-52.2052151  -59.87506338 -83.17261165 -57.23532396]
1665,FailedCommons,[-44.23757244 -61.14670931 -81.26439024 -62.03495628]
804,FailedCommons,[-56.7679964  -69.30860791 -90.93477699 -63.99288657]
801,SuccessLords,[ -99.75867848 -108.49762827 -147.53941489  -90.21133976]
3275,FailedCommons,[-27.40358883 -35.44072837 -54.84680771 -39.277901  ]
2666,FailedCommons,[-33.73921419 -44.05488558 -65.8274145  -55.67458106]
2462,FailedCommons,[ -77.48806068 -123.97320629 -150.68609116 -112.42025495]
2355,FailedCommons,[-38.89357438 -52.7426784  -78.98578953 -61.93755104]
2224,FailedCommons,[-40.62925707 -46.9603921  -57.06521079 -42.57217813]
1093,FailedCommons,[-39.03505022 -40.77252317 -63.81188176 -48.54055269]
2758,FailedCommons,[ -84.88822681 -147.04063433 -167.12130957 -157.06713944]
3415,FailedCommons,[-119.32582918 -144.20249299 -173.11312156 -139.59787695]
3437,FailedCommons,[-38.39790462 -65.06817864 -97.75761765 -70.85120288]
3055,FailedCommons,[-128.35964259 -198.33587136 -234.04798811 -214.17995868]
2368,FailedCommons,[-56.42961107 -67.89764675 -90.52163599 -73.57949103]
2245,FailedCommons,[-32.59017162 -37.36567516 -51.58304198 -36.17332459]
2917,FailedCommons,[-61.30944565 -73.38724585 -97.7979208  -85.51954583]
2636,FailedCommons,[-51.97020171 -62.48266428 -91.88902541 -75.3952737 ]
3329,FailedCommons,[-36.52613477 -55.27470304 -65.69247774 -58.23268411]
489,SuccessLords,[-34.1938667  -35.67678404 -54.91099619 -29.03549732]
2374,FailedCommons,[ -75.12951599 -118.63318207 -143.62922628 -122.59184003]
1209,FailedCommons,[-15.32939208 -16.70048911 -37.42584322 -16.22348375]
1879,SuccessLords,[-57.86184096 -61.57534838 -76.73623548 -56.19854622]
2772,FailedCommons,[ -80.97363785 -106.337085   -139.23025035 -118.97041283]
770,FailedCommons,[-29.07121593 -36.33852848 -58.02424223 -46.42144998]
590,FailedCommons,[-102.93346149 -130.62147686 -147.14789625 -116.21980302]
1531,FailedCommons,[-33.39599782 -37.89274933 -51.10005932 -34.36932274]
1659,FailedCommons,[-59.95888317 -74.03170314 -98.86595147 -67.36871674]
229,SuccessLords,[-112.26776095 -118.68186259 -158.34999381  -93.73350463]
1207,FailedCommons,[ -65.24331355  -81.62149205 -101.65044252  -84.99779646]
2660,FailedCommons,[-24.48650982 -36.72569723 -46.81900835 -35.05264535]
3395,FailedCommons,[-32.28528893 -42.85998973 -55.6115876  -43.35301972]
1433,FailedCommons,[-35.80321501 -43.32915679 -52.1557764  -38.52884383]
701,FailedCommons,[-62.57133374 -66.96679136 -85.56560315 -63.24049587]
2755,FailedCommons,[-47.84619598 -59.98648288 -67.63688744 -53.63483849]
3285,FailedCommons,[-38.76226331 -53.3495594  -79.96863611 -62.43140052]
713,FailedLords,[-31.49967358 -30.07461197 -46.28164262 -32.88611838]
2380,FailedCommons,[-19.53957704 -29.18775532 -44.76751156 -44.86326624]
2617,FailedCommons,[-69.34130728 -75.4846198  -85.53852244 -81.65006368]
1461,FailedCommons,[-39.98376194 -62.73652861 -81.8109552  -66.01368945]
3349,FailedCommons,[-37.40927906 -48.73808959 -57.24983137 -42.33082494]
2943,FailedCommons,[ -72.06827055 -107.13814046 -140.33420985 -118.68043791]
2751,FailedCommons,[-52.48120603 -73.09363372 -95.8287071  -94.50996998]
1887,FailedLords,[-20.73579995 -17.51376061 -35.61289906 -20.74460586]
3230,FailedLords,[-55.10387872 -51.82883586 -78.18363396 -58.3361967 ]
1462,FailedCommons,[ -63.24706947  -91.90924197 -118.22715574  -91.23767512]
406,FailedLords,[-30.2531416  -26.86084824 -43.79918734 -28.7169548 ]
504,FailedCommons,[-42.38245949 -54.98736364 -69.63788275 -53.51849419]
2132,FailedCommons,[ -58.71050898  -91.69986214 -145.48470306 -101.92495497]
702,SuccessLords,[-48.61800014 -47.45651273 -67.0926119  -46.27765033]
2137,FailedCommons,[-31.51821598 -36.5813915  -59.94040162 -43.52494868]
3272,FailedCommons,[-48.91818957 -64.8146212  -60.35784867 -62.47893787]
452,FailedCommons,[-58.80261251 -70.21862401 -95.56276219 -71.27735679]
3222,FailedCommons,[ -95.38826369 -109.74658565 -155.82191928 -124.01763654]
253,FailedLords,[-49.15635483 -47.94828116 -77.55283087 -60.13398305]
2290,FailedLords,[-14.37548419 -12.95486406 -23.89248464 -15.78137809]
2908,FailedCommons,[-51.00000437 -60.90657524 -83.84216562 -72.10604884]
2808,FailedCommons,[-23.18184401 -24.66413742 -39.6849939  -23.62749429]
337,FailedCommons,[ -69.92429918  -85.44417536 -112.1749414   -83.16747185]
1640,FailedCommons,[ -61.43580963  -76.7821615  -101.04441301  -69.70208034]
3114,FailedCommons,[-18.67609046 -25.62184654 -39.11086275 -21.28570619]
2208,FailedCommons,[ -6.41150579  -6.64386444 -12.70942743  -7.73904772]
2759,FailedLords,[ -8.69887772  -7.14336776 -15.95144976  -8.91907613]
1846,FailedCommons,[ -58.46205323  -67.72416714 -125.56922331  -79.37050811]
3036,FailedCommons,[-45.76465426 -49.27416265 -87.52794468 -60.30815346]
1222,FailedCommons,[ -66.38157772  -74.18729728 -101.51541766  -76.28340861]
3393,FailedCommons,[-34.75207321 -50.31785534 -62.57167716 -62.58641262]
399,FailedCommons,[ -68.13814689  -88.87470692 -132.24795718 -101.52480422]
1673,FailedCommons,[-45.79067145 -50.61278874 -61.31075829 -49.50873068]
832,FailedCommons,[-64.1508595  -66.80437191 -87.61841866 -69.39879106]
1918,FailedCommons,[-45.34101098 -50.81388749 -66.95239713 -56.04963916]
2200,FailedCommons,[-57.11122042 -68.1801746  -87.64657936 -66.39481338]
895,FailedCommons,[-101.56566098 -129.34379004 -146.96757809 -120.80045618]
1137,FailedLords,[ -4.491682    -3.22551407 -15.29021833  -7.24971992]
1933,FailedCommons,[-20.36312692 -29.65630754 -42.39747777 -30.23778853]
3062,FailedCommons,[-34.58640832 -44.70499237 -58.25974378 -40.33781289]
2253,FailedCommons,[ -81.90039671  -85.30982638 -132.3060139  -108.20943841]
592,FailedCommons,[ -92.09115636 -109.75701278 -151.91874159  -97.3701334 ]
1417,FailedCommons,[-56.45898071 -83.95588222 -91.42256411 -67.86511516]
2637,FailedCommons,[-47.27806129 -53.85152413 -72.99206234 -64.4792419 ]
1211,FailedCommons,[ -61.7034369   -76.02121619 -101.37582707  -72.38040486]
1495,FailedCommons,[ -60.20431649  -80.7864052  -110.78964398  -78.88993006]
1689,FailedCommons,[ -95.78308753 -101.85229101 -137.9587846  -103.48812024]
2989,FailedCommons,[-37.99312287 -53.4024993  -80.10914523 -59.34807285]
2204,SuccessLords,[-43.1351693  -52.04255949 -62.99587294 -40.24185711]
2232,FailedCommons,[-54.67200823 -58.87196238 -85.4745331  -61.75272251]
687,FailedCommons,[-34.60964119 -38.43758082 -56.22099868 -35.58222229]
1854,SuccessLords,[-43.1351693  -52.04255949 -62.99587294 -40.24185711]
3365,FailedCommons,[-57.01949304 -72.42899707 -94.45399846 -70.64816045]
1938,SuccessLords,[-38.87421473 -45.23331464 -65.92044702 -38.76832837]
699,FailedLords,[ -93.57772006  -85.93065835 -118.09302542  -87.02217844]
2154,FailedCommons,[ -52.07568956  -76.08159997 -107.75078684  -84.78929946]
1666,FailedCommons,[-27.06683847 -40.18387195 -50.56118235 -38.63121951]
3300,FailedCommons,[-45.86599055 -65.20969615 -78.95665299 -48.77210053]
715,SuccessLords,[-44.99150205 -50.08830513 -68.04006986 -44.22616492]
1212,FailedCommons,[-60.95520974 -76.05915463 -89.13849691 -61.80633556]
1101,FailedCommons,[ -74.62534031  -78.72135555 -122.62556367  -82.9955405 ]
2351,FailedCommons,[-53.35082715 -72.54076922 -90.17574077 -66.76373127]
2323,FailedCommons,[-35.30790164 -46.76442576 -65.53911503 -41.77360802]
2634,FailedCommons,[-33.43513657 -67.72327477 -93.927175   -62.17426123]
887,FailedCommons,[-32.46758568 -45.05379208 -59.3719492  -43.88490443]
2810,FailedCommons,[-47.4160067  -72.38748554 -87.29412387 -71.11745274]
1469,FailedCommons,[ -67.58781318  -75.16269443 -101.10947399  -78.83632051]
2625,FailedCommons,[-104.94400101 -126.78643933 -155.82309556 -129.3562051 ]
246,FailedCommons,[-18.91060136 -20.75499639 -31.33950153 -25.62599125]
1041,FailedCommons,[-39.25543635 -41.87210818 -56.69415576 -40.59866321]
2332,FailedCommons,[-48.69513643 -59.45761147 -82.91557796 -58.94156547]
620,FailedCommons,[ -97.57295191 -128.03263647 -151.6613747  -126.48859633]
2903,FailedCommons,[-38.6807126  -56.16866353 -80.58177957 -63.06284952]
409,FailedCommons,[-32.9321836  -33.60928346 -54.05316913 -33.90715363]
760,FailedCommons,[ -90.92545589 -116.07713452 -130.05777282 -109.64154222]
1216,SuccessLords,[-38.97654269 -43.5612427  -58.50345238 -37.07074369]
404,SuccessLords,[-68.25691721 -82.80739206 -92.04047794 -60.80479621]
2095,FailedCommons,[-36.8374598  -43.57773825 -61.62973906 -44.33533514]
1641,FailedCommons,[-70.19385205 -83.540446   -99.13230629 -75.1568286 ]
1219,FailedCommons,[-138.19267919 -154.50960943 -178.68552783 -149.94147843]
490,FailedCommons,[ -70.68858775  -88.64045412 -130.73536613 -101.04370801]
3318,FailedCommons,[-32.73852877 -49.8242816  -71.50240799 -50.18626801]
2349,FailedCommons,[-12.26010409 -15.24445551 -28.68265314 -20.40670903]
3141,FailedCommons,[-47.81891832 -56.1199721  -72.97135893 -62.28446339]
844,FailedCommons,[-67.47066072 -73.93319354 -92.49332189 -73.60678316]
3646,FailedCommons,[ -58.56289301  -72.30291253 -101.56702681  -77.69154431]
1702,FailedCommons,[ -74.12852069  -82.28373164 -120.29840189  -76.52126223]
272,FailedCommons,[-58.80261251 -70.21862401 -95.56276219 -71.27735679]
2960,FailedLords,[-26.38286189 -24.54430988 -47.85320648 -31.20095855]
714,FailedCommons,[-51.76389318 -58.79710515 -73.52449953 -58.3416438 ]
3061,FailedCommons,[-46.20343621 -54.57661963 -74.18772951 -48.17931486]
2120,FailedCommons,[-20.36889206 -23.07973152 -36.85059813 -25.49714808]
1528,FailedCommons,[-44.08527223 -60.05053985 -74.86485326 -61.8765873 ]
583,FailedCommons,[ -68.27004306  -81.67364063 -108.48444541  -77.59338814]
2444,FailedCommons,[-50.35213347 -69.78192277 -96.15690781 -68.20661477]
1323,FailedCommons,[-41.63408247 -44.06753887 -54.20663304 -47.01657081]
3278,FailedCommons,[-13.75105239 -14.14563666 -26.86329265 -18.43789034]
2260,FailedCommons,[-51.24305786 -59.61792053 -69.32246995 -53.62370447]
3104,FailedCommons,[-61.50751979 -70.85577818 -87.39263227 -71.94918412]
2916,FailedCommons,[-33.18458326 -67.53059889 -93.64488678 -62.09356292]
3544,FailedLords,[ -70.0417955   -69.46585224 -108.01753977  -75.60925516]
708,FailedCommons,[ -61.27917718  -72.95065552 -109.71645344  -87.52345619]
3064,SuccessLords,[ -93.21201002 -117.54198947 -133.39500021  -92.54103122]
1674,FailedCommons,[ -56.68582383  -78.6213417  -111.49410152 -106.66453539]
475,FailedCommons,[-42.08333126 -46.89586374 -59.71625533 -46.54934183]
3598,FailedCommons,[-54.43153439 -65.74493445 -95.86365714 -58.26061922]
510,SuccessLords,[ -84.421059    -88.94340288 -108.23442485  -77.83910076]
2157,FailedLords,[-26.34013913 -25.40893258 -49.3255405  -32.64597933]
3687,FailedCommons,[ -69.14564881  -87.26675883 -111.42868178  -84.48777218]
1048,FailedCommons,[ -71.02222858  -76.69115175 -111.99007883  -79.39204266]
1948,FailedCommons,[ -90.8377153  -106.06023801 -132.20680727  -92.19575804]
3287,FailedCommons,[-128.28550243 -198.29057659 -233.93184322 -214.08841563]
3025,FailedCommons,[-62.14346543 -67.51201715 -89.07360532 -66.56012063]
3135,FailedCommons,[-32.98077424 -49.98617126 -71.97330888 -49.67925485]
1464,FailedCommons,[-40.01112261 -50.10367899 -71.12138154 -61.01899047]
1046,FailedCommons,[-65.57596275 -69.86174644 -92.16837482 -72.47015449]
2329,FailedCommons,[ -69.78408204  -91.68586175 -125.87603633  -99.86193905]
2170,FailedCommons,[-46.41229416 -52.72052466 -77.59193028 -52.00820775]
438,FailedCommons,[-34.63560499 -49.31963648 -66.89889933 -50.87731801]
1670,FailedCommons,[-59.03862828 -79.42300708 -86.59199019 -78.36796971]
1839,FailedCommons,[ -72.43837225  -79.0147779  -106.47726176  -80.28816594]
445,FailedCommons,[-55.06943515 -68.76661259 -86.54013718 -58.38439903]
3201,FailedCommons,[-55.82856566 -60.20524951 -82.75031808 -65.96671964]
1725,FailedCommons,[ -73.81153588 -116.35772936 -144.12621045 -120.71556809]
2408,FailedCommons,[-35.22498225 -44.88041966 -53.17048376 -39.98920409]
1736,FailedCommons,[-61.57593758 -75.75449696 -91.90005988 -62.49278613]
2918,FailedCommons,[-20.82522444 -24.67736024 -34.95137847 -26.98294672]
1882,FailedCommons,[-50.03598885 -64.90107717 -77.55478727 -53.63713116]
848,FailedCommons,[-28.86958965 -35.70095081 -59.94662472 -35.13350585]
3121,FailedCommons,[-50.09447662 -64.0103218  -81.26103829 -61.53749829]
2289,FailedCommons,[-31.88417244 -35.93603426 -47.72549943 -32.19543164]
1978,SuccessLords,[-114.07218988 -115.44968664 -157.00658259 -112.82686539]
2748,FailedCommons,[-50.91165029 -64.09697994 -93.68238352 -67.52020473]
338,FailedCommons,[-31.6492202 -33.0391891 -60.7993256 -37.0734849]
3609,FailedCommons,[-28.31139521 -34.71315727 -47.22764464 -37.27894802]
1672,FailedCommons,[-49.21523203 -64.08803168 -86.77952146 -61.56034269]
1647,FailedCommons,[-40.29480445 -59.15313915 -82.8024399  -60.35784509]
3241,FailedCommons,[-47.30324226 -72.23855922 -87.04506641 -70.93714912]
3293,FailedLords,[-44.65252844 -44.01629787 -59.69500898 -45.9617405 ]
2218,FailedCommons,[-34.40567495 -34.62404233 -53.45595396 -36.21705776]
2804,FailedCommons,[-46.08258679 -62.4508476  -88.95192941 -69.27157096]
685,FailedCommons,[ -59.96474321  -78.4929552  -103.21252546  -90.82642941]
3591,FailedLords,[-19.10734998 -17.38997537 -28.90695809 -21.45607498]
3066,FailedCommons,[ -68.82906604  -78.86360732 -107.26525789  -76.81838472]
2990,FailedCommons,[ -46.34416902  -87.45361845 -118.5751917   -95.04820984]
1307,SuccessLords,[-20.67549217 -19.01646372 -27.47101771 -17.86296782]
242,FailedLords,[-77.688379   -73.57740464 -99.52021627 -77.20541371]
1693,FailedCommons,[ -69.3808183   -88.35934653 -121.78087535  -98.73343261]
589,FailedCommons,[-40.43365155 -53.4605852  -69.28189124 -41.32951484]
3225,FailedCommons,[-54.43153439 -65.74493445 -95.86365714 -58.26061922]
1468,FailedCommons,[-36.5251834  -40.11767261 -76.30478311 -63.02240734]
1842,FailedLords,[ -70.01461686  -51.74784271 -130.60151341 -122.17808599]
3049,FailedCommons,[-61.9144257  -75.46558974 -91.79079481 -72.15823864]
2702,FailedCommons,[ -65.97144644  -83.06948568 -103.77751749  -75.53500454]
3680,FailedCommons,[-57.20269261 -70.23752634 -98.39802337 -76.34390766]
689,SuccessLords,[ -71.37836844  -69.54815131 -100.4264218   -67.77894024]
3099,SuccessLords,[-62.6457883  -63.20663971 -95.67873879 -59.78231669]
2209,FailedLords,[-51.63977788 -49.86644869 -79.75029931 -54.00601311]
1718,FailedCommons,[ -74.24878819  -87.34897094 -119.44269282  -81.67871751]
1645,FailedCommons,[-128.67564341 -150.94951926 -198.63404381 -169.4866115 ]
1208,FailedCommons,[ -96.73745434 -111.76679192 -141.27198943 -116.13772525]
606,FailedCommons,[-49.53025456 -65.11561798 -99.64663437 -77.955729  ]
2924,FailedCommons,[ -66.5910056   -90.12716658 -117.8075006   -99.40940997]
3496,FailedCommons,[-45.56384269 -53.40580331 -75.20753265 -55.63895642]
605,FailedLords,[-22.63886965 -17.30432379 -47.48371274 -23.07059801]
2420,FailedLords,[-32.06780091 -25.40415906 -41.02410471 -30.00304566]
633,FailedCommons,[ -65.82343107 -111.01309561 -123.13294331 -119.11465466]
2972,FailedCommons,[-18.66447933 -30.38311148 -50.11478317 -42.00241915]
1053,FailedCommons,[-28.34707945 -32.54830796 -39.98616664 -28.68909289]
2966,FailedCommons,[-23.50381018 -30.64760762 -44.63088285 -32.59725239]
3490,FailedCommons,[ -77.71825388  -95.78454271 -120.54637806 -104.20094165]
3438,FailedCommons,[-26.15286592 -33.82262321 -50.99259745 -47.39300374]
2648,FailedCommons,[-26.81371255 -31.45599815 -44.84796446 -35.09876443]
2195,FailedCommons,[ -67.66342836  -88.91904454 -114.84903979  -80.70811762]
2079,FailedCommons,[-38.90764078 -55.84373236 -81.73470506 -61.99975016]
1426,FailedCommons,[-54.82211363 -75.39712995 -87.17308803 -64.16683703]
3294,FailedCommons,[-31.82532725 -33.74343539 -48.88996775 -37.91313439]
2249,SuccessLords,[-50.44450745 -44.39660714 -72.75891359 -41.35504364]
3122,FailedCommons,[-56.09461439 -79.5843194  -98.17825591 -83.32428482]
716,SuccessLords,[-11.39056423 -11.47309539 -22.93659029  -7.21882678]
864,FailedCommons,[-64.01003618 -76.30019413 -95.24565025 -73.6823486 ]
3477,FailedCommons,[-38.29743338 -42.95118349 -71.94398153 -52.71209518]
1052,FailedLords,[ -9.20848683  -8.53550079 -12.93164051 -13.60055592]
1679,FailedCommons,[ -77.35117981  -87.30163005 -120.50644659  -82.88195788]
800,FailedCommons,[-11.67730294 -23.89101232 -30.7728347  -28.01758221]
875,FailedCommons,[-36.5579044  -41.0910428  -65.22811236 -50.7106555 ]
411,SuccessLords,[-58.24789518 -56.99902783 -83.61889296 -55.45499399]
3611,FailedLords,[-20.23449647 -19.06594566 -46.16747823 -31.59467369]
1438,FailedCommons,[-48.80166276 -60.9105353  -95.80393401 -62.45502897]
2312,FailedCommons,[-35.31687865 -44.39573518 -63.07887248 -45.97186214]
3327,FailedCommons,[-39.70705602 -58.57882036 -66.39797707 -61.90323566]
1434,SuccessLords,[-48.42681646 -48.7829038  -82.49151434 -46.49202663]
3649,FailedCommons,[-26.38605047 -35.66249476 -48.73899933 -36.72856858]
1029,FailedCommons,[ -82.55821526  -85.52770663 -129.81130209  -91.42916098]
3094,FailedCommons,[ -34.03392611 -109.92686259  -93.53176623  -88.54544072]
1049,FailedLords,[ -88.66440768  -74.40500119 -137.79073513  -98.12159507]
460,FailedCommons,[-44.15904261 -58.93028267 -92.7956133  -72.48884887]
1669,FailedCommons,[ -53.07846609  -71.30604457 -118.22381073  -78.46973972]
3224,FailedLords,[-60.06751835 -53.77078716 -97.32175135 -75.92484807]
2257,FailedCommons,[ -72.52102184  -85.37213262 -110.87207758  -73.42528243]
1439,FailedCommons,[ -74.7094648   -76.3698811  -106.88006703  -74.92533694]
3221,FailedCommons,[-22.36522872 -28.49203551 -39.92786395 -27.83757511]
3024,FailedCommons,[ -76.95405545  -84.0538268  -106.06274641  -80.71335127]
2222,SuccessLords,[-54.41445339 -53.97747761 -83.59412742 -52.23404589]
2928,FailedCommons,[-25.72492344 -27.99516548 -44.9169747  -30.80299659]
402,FailedCommons,[ -87.77019083 -106.52909738 -116.36443841 -112.43674698]
1701,FailedCommons,[ -86.87058208 -105.05194147 -129.82995618 -107.64820866]
1731,FailedLords,[-49.96982245 -44.83087637 -81.02949658 -50.55534111]
793,FailedCommons,[-60.08877418 -64.18494931 -97.86126759 -67.83554105]
3277,FailedLords,[-46.82462376 -44.53370713 -57.9108483  -51.16182098]
1202,FailedCommons,[-36.39665112 -45.3730346  -80.31684781 -56.76539585]
3123,FailedCommons,[-36.52669009 -55.27295851 -65.70284604 -57.74456067]
3305,FailedCommons,[-31.45340618 -40.16880467 -68.1821931  -61.83389246]
3037,FailedCommons,[-46.99670311 -59.66680916 -82.49907633 -52.6982852 ]
1754,FailedCommons,[-129.2035443  -141.45508261 -200.40846095 -153.08909776]
1660,FailedCommons,[-38.59480637 -52.05922961 -76.80009053 -48.35327149]
1067,FailedCommons,[-50.08904379 -62.76761489 -90.44811767 -66.65810558]
2815,FailedCommons,[-28.76941369 -34.02667456 -41.9820415  -32.76634315]
1530,FailedCommons,[-39.70760149 -47.78529578 -65.93976401 -43.70624847]
3217,FailedCommons,[-43.718522   -48.54112338 -70.05319512 -50.83706648]
826,FailedLords,[ -97.36424345  -94.65347085 -140.91165546 -100.10667175]
2109,SuccessLords,[-20.991848   -22.52361302 -29.88837001 -16.49087408]
1070,FailedCommons,[ -5.10075467 -11.15913731 -19.74602075  -6.88958959]
2934,FailedCommons,[-27.85715223 -31.04217244 -58.93724114 -43.39959912]
1872,FailedCommons,[ -73.073848    -85.92421857 -117.8530379   -80.55361078]
401,FailedCommons,[-70.73247709 -80.37545778 -89.54296378 -81.53657781]
3547,FailedCommons,[-35.38067962 -53.53366326 -69.3685401  -54.5416251 ]
2325,FailedLords,[-18.807408   -18.22977876 -31.46861974 -19.34972758]
3208,FailedCommons,[-47.04370856 -58.83570029 -75.70112552 -60.24993726]
1214,FailedCommons,[-64.75999294 -69.9391566  -97.63400168 -77.04705306]
2247,FailedCommons,[-42.65727686 -67.48419778 -91.92818006 -65.90256874]
3220,FailedCommons,[-150.22161486 -178.8501182  -220.56972686 -162.59660161]
1260,FailedCommons,[-43.32384595 -57.41123176 -87.19825526 -67.54252648]
2749,FailedCommons,[ -85.14556857  -86.41599867 -133.75663676  -99.76575115]
3218,FailedCommons,[-38.564827   -45.82468027 -69.51494257 -56.30844961]
284,FailedCommons,[ -82.4620703  -115.33466722 -147.75788206 -100.10465306]
3079,FailedCommons,[-45.63593109 -55.50083608 -78.89012831 -58.42535316]
3374,FailedCommons,[-35.27386618 -36.73155872 -60.48788156 -47.94900168]
1347,FailedCommons,[-42.65689848 -72.28563645 -84.25212241 -76.60862069]
2728,FailedCommons,[-68.36423211 -82.80511524 -99.98452419 -82.30325007]
2075,FailedCommons,[ -60.70587468  -71.44801314 -102.1192012   -70.3633671 ]
2932,FailedLords,[-35.43683499 -34.29886204 -55.61864579 -36.27346182]
1465,SuccessLords,[-59.21336108 -69.266377   -94.84184847 -56.43311293]
1422,FailedCommons,[-100.28824351 -119.69134411 -165.79716145 -113.03316564]
3106,FailedCommons,[-36.77713066 -38.6347554  -56.73785758 -38.45511052]
3548,FailedCommons,[-42.2187157  -47.49746162 -72.04260574 -43.94144145]
2818,FailedCommons,[-17.02583943 -20.17927546 -29.04318351 -19.8972198 ]
3436,FailedCommons,[-53.25124803 -65.48280078 -90.51380331 -66.22114255]
2991,FailedCommons,[-39.17756869 -55.34111797 -65.96042771 -47.53750888]
3402,FailedCommons,[-39.46827427 -51.75909921 -72.13165595 -56.69027445]
2328,FailedCommons,[ -65.23200663  -97.67301721 -124.42111845  -85.45681633]
1664,FailedCommons,[ -68.46082377  -89.45024283 -112.42630461  -94.84972052]
1557,FailedLords,[-64.64964436 -62.45947159 -95.07218794 -81.52112618]
1412,FailedCommons,[-130.8091149  -157.23749653 -185.28516718 -159.11995495]
776,FailedCommons,[-41.50826731 -56.07651342 -79.70787929 -55.12221185]
1466,FailedCommons,[ -53.07846609  -71.30604457 -118.22381073  -78.46973972]
2667,FailedCommons,[ -52.33626008 -100.26789242 -135.02624911 -107.95120194]
3282,FailedCommons,[-28.30008139 -37.67686088 -53.23028918 -40.13274758]
1451,FailedCommons,[-17.95490168 -35.7130691  -42.72536941 -36.56259946]
1636,FailedCommons,[-50.89343422 -64.66280204 -89.6776674  -67.1835293 ]
1134,FailedCommons,[-47.40184112 -61.13182175 -92.14209015 -59.41048589]
3663,FailedCommons,[-67.78400647 -82.48281359 -90.44681842 -74.58622841]
2444,FailedCommons,[-50.35213347 -69.78192277 -96.15690781 -68.20661477]
1117,FailedCommons,[-20.60502739 -39.31900943 -53.47289007 -46.82798997]
1088,FailedCommons,[-47.08386592 -63.02525256 -88.69240264 -73.86036311]
624,FailedCommons,[-38.795877   -42.16005069 -61.16860934 -43.53698407]
1416,FailedCommons,[ -55.00477956  -79.2202006  -113.36755788  -78.72539679]
2184,FailedCommons,[ -87.20576247  -92.95051662 -118.30987364 -102.25128511]
2624,FailedCommons,[ -75.10692819  -93.15608439 -123.48201288  -87.1909131 ]
3564,FailedCommons,[-45.63536445 -46.25997605 -76.41980423 -57.88546683]
2684,FailedCommons,[ -51.64567256  -81.01911417 -129.07235584  -90.31039427]
2715,FailedCommons,[-45.10441251 -51.78819829 -72.25111221 -55.61448581]
3399,FailedCommons,[-49.70659585 -52.39869834 -77.10802812 -55.46921855]
2632,FailedLords,[ -63.56471633  -60.10216421 -101.74914627  -74.85697194]
3628,SuccessLords,[-39.41840945 -45.28998654 -59.84819115 -36.59158248]
1863,FailedCommons,[-14.50666882 -26.25495435 -32.66159836 -23.7852046 ]
3228,FailedCommons,[ -71.84321141  -99.17258417 -130.62169545 -112.94779114]
3577,FailedCommons,[ -53.2278929   -84.96170084 -104.9711526   -78.63593945]
3301,FailedCommons,[-18.53778149 -30.25365476 -49.67540977 -41.65123895]
1925,FailedCommons,[ -63.89042403  -82.90271664 -107.91807709  -90.13639836]
3234,FailedCommons,[ -55.31946235  -68.25903031 -105.16792734  -61.59301176]
3226,FailedLords,[-31.88239471 -29.22985819 -52.11342119 -46.22894239]
1899,FailedCommons,[-40.89941547 -56.59301359 -79.05206808 -56.61327057]
1476,FailedCommons,[-32.62723539 -58.49130463 -74.07631138 -54.40073746]
407,FailedCommons,[-101.03381953 -144.79818256 -189.63782336 -155.91363591]
235,FailedCommons,[-46.57596505 -58.55659433 -78.16049667 -54.24898379]
1848,FailedCommons,[-107.32644449 -130.93228821 -151.834392   -137.0938475 ]
1486,FailedCommons,[-32.74071353 -37.05489056 -60.02279612 -40.10495889]
637,FailedCommons,[-47.55054817 -48.62775421 -68.93741303 -52.55596489]
3372,FailedCommons,[-33.77110703 -34.89271476 -59.31942102 -34.73873298]
1414,FailedCommons,[-35.76287888 -46.2276951  -78.01247003 -50.93304296]
1421,FailedCommons,[-51.16575807 -63.69362005 -67.46721993 -65.36265732]
1737,FailedCommons,[-41.67822303 -45.03376848 -55.49402068 -47.90257469]
3263,FailedCommons,[-20.73813476 -24.54608691 -34.51219352 -28.40019218]
3543,FailedLords,[-23.0552503  -21.87213765 -35.60502598 -24.02040549]
3276,SuccessLords,[-40.41892089 -39.02139578 -53.75038509 -38.92606586]
3553,FailedCommons,[ -75.37074491  -79.99704378 -108.72747084  -85.2095704 ]
3654,FailedLords,[-51.33781958 -46.45329896 -76.15943974 -55.93856284]
3298,FailedCommons,[-59.30110926 -74.47011519 -87.51818402 -75.62753237]
2284,FailedCommons,[-35.33925765 -43.8832466  -57.01396846 -45.13675349]
3630,FailedLords,[-26.43885571 -25.9085455  -46.02047731 -26.57218888]
772,FailedCommons,[ -64.76652437  -75.34227104 -105.59731267  -72.38914742]
803,FailedCommons,[-56.07921636 -68.95888588 -96.78279658 -61.3236682 ]
571,FailedCommons,[-61.64380353 -69.50873548 -95.01878455 -74.32585502]
2986,FailedCommons,[-28.56028741 -37.89558726 -53.79617782 -39.26065093]
1213,FailedCommons,[-23.00417063 -24.28893787 -37.33747188 -29.31673998]
2373,FailedCommons,[-26.44281077 -34.55098296 -47.64418216 -40.03322337]
2464,FailedCommons,[-57.55304482 -68.81178218 -90.5616114  -64.35558066]
1265,FailedCommons,[-51.19908297 -65.79455435 -96.88692311 -82.26821069]
2846,FailedCommons,[-60.42233194 -75.3867929  -99.97006919 -76.29330073]
1266,SuccessLords,[-71.60309772 -79.45428747 -92.69989422 -66.16586366]
1642,FailedCommons,[ -71.54677203  -74.57268467 -109.90044878  -80.43370239]
2103,SuccessLords,[ -64.00307929  -78.69101655 -104.35465788  -62.42107139]
499,FailedCommons,[ -54.4811828   -65.87822359 -102.91578428  -68.36811766]
597,FailedCommons,[ -58.1856169   -70.58564361 -107.57277988  -73.58377396]
2175,FailedCommons,[ -58.46205323  -67.72416714 -125.56922331  -79.37050811]
3308,FailedCommons,[ -74.95292883  -88.61740226 -115.81203783  -84.48754433]
744,FailedCommons,[ -80.08539718  -87.4817686  -101.35752461  -95.27664598]
3206,FailedCommons,[-60.17092535 -64.32371133 -94.45949234 -67.38412196]
1561,FailedCommons,[ -96.93167509 -112.80401877 -158.13838973 -108.27190888]
2683,FailedCommons,[-19.41257469 -28.54509029 -43.54325832 -34.01320542]
703,FailedCommons,[ -63.68148983  -83.85387104 -116.99304178  -68.28609675]
3602,FailedCommons,[-26.3800781  -41.04353393 -59.37603039 -43.13667352]
300,FailedCommons,[-31.37981961 -34.07666261 -56.61359638 -38.79003822]
415,FailedCommons,[-104.99056089 -113.96931595 -143.08158627 -122.05449838]
3572,FailedCommons,[-45.03710627 -70.70288185 -98.11882782 -85.64661249]
1036,FailedCommons,[-103.49411789 -106.02263849 -167.98132288 -125.2839316 ]
1947,SuccessLords,[ -68.94384955  -73.77480634 -103.48450714  -66.15228609]
279,FailedCommons,[ -64.125458    -68.61677162 -106.14956409  -83.10960038]
1301,FailedCommons,[ -85.80416598 -110.1635752  -133.73843355 -108.53530556]
2844,FailedCommons,[-20.56011166 -23.6535777  -28.89791092 -24.6219167 ]
285,FailedCommons,[-47.62138725 -52.9900605  -70.80229833 -49.95740331]
580,FailedCommons,[-48.16869563 -64.4810978  -88.61951649 -64.2095704 ]
2649,FailedCommons,[-38.95592925 -55.72948848 -81.65198507 -61.93839638]
2065,FailedCommons,[-58.96667102 -79.72496452 -91.41914829 -71.45052608]
3648,FailedLords,[-41.04608255 -41.04344913 -67.566868   -43.85483279]
2186,FailedCommons,[-50.67900087 -62.52368747 -88.44650306 -67.73616299]
3412,FailedCommons,[ -51.88879053  -69.37362579 -106.96516824  -83.9975622 ]
257,FailedCommons,[-55.35831729 -67.56451751 -87.28156072 -74.21840827]
577,FailedCommons,[-55.17897095 -71.59709748 -96.82265261 -79.59755488]
2133,FailedCommons,[ -49.30034519  -97.38491309 -128.52514755  -94.6347268 ]
2901,FailedCommons,[-61.28990846 -71.37150154 -89.10014639 -67.05059398]
1269,FailedCommons,[-54.14969144 -67.08913118 -83.75707481 -57.00260404]
2128,FailedCommons,[-40.20976855 -59.42677535 -70.65048099 -65.38332879]
481,FailedCommons,[-40.3763809  -50.1386424  -66.54951656 -49.60758248]
1314,FailedCommons,[-60.0492284  -68.05095967 -95.30206238 -83.54538734]
3071,FailedCommons,[-64.514246   -76.32580908 -97.04037563 -82.95384106]
403,FailedCommons,[-21.76238493 -25.72691838 -38.47530151 -25.66389915]
1707,FailedLords,[-20.73579995 -17.51376061 -35.61289906 -20.74460586]
3100,FailedCommons,[-47.81668228 -62.82813336 -84.10100115 -68.99164812]
2151,FailedLords,[ -68.4587102   -62.22453359 -101.71676431  -76.81610295]
2938,FailedLords,[ -61.82047595  -40.04546626 -112.17907117  -90.53772919]
1678,FailedCommons,[ -56.68582383  -78.6213417  -111.49410152 -106.66453539]
2711,FailedLords,[-51.46306805 -49.68959338 -86.75604055 -58.25420403]
854,FailedCommons,[ -73.2021919   -88.1658691  -112.6317897   -83.17797155]
1102,FailedCommons,[-49.04382851 -53.90592472 -78.29689671 -60.8797444 ]
1868,SuccessLords,[-33.80946819 -35.92515378 -58.54964502 -30.13517196]
2426,FailedCommons,[-26.4059821  -34.9052937  -45.21440624 -36.04420285]
953,FailedCommons,[-41.18202111 -67.30416223 -96.58732153 -68.97725129]
3016,FailedCommons,[ -79.60480058  -91.78811713 -101.31513273  -87.37592792]
2246,FailedCommons,[-56.90214691 -72.67672917 -98.92265976 -73.88100107]
2474,FailedCommons,[ -49.84784123  -82.02862872 -101.97626028  -70.77373057]
1563,FailedCommons,[-39.63549791 -42.46970685 -57.01930492 -43.10308195]
2089,FailedCommons,[-43.68601734 -54.50643293 -52.70683732 -53.34943501]
750,FailedCommons,[ -49.82396606  -71.41747263 -107.60743503  -77.08108045]
773,FailedCommons,[-37.29897231 -46.28357068 -54.9949677  -46.06292874]
610,FailedCommons,[ -82.74211055 -112.22496379 -147.19212838 -132.8215254 ]
1517,FailedCommons,[-32.65392006 -42.37185493 -54.86296683 -34.43731817]
483,FailedCommons,[-49.01380608 -51.77323135 -74.20928542 -55.03453237]
458,SuccessLords,[-61.57198723 -60.64159696 -74.07296734 -56.59627708]
1686,FailedCommons,[-39.98376194 -62.73652861 -81.8109552  -66.01368945]
2377,FailedCommons,[-43.78800044 -52.65666294 -71.07973843 -59.14525843]
3683,FailedCommons,[ -83.98024239  -98.66225374 -138.61118256  -97.92500566]
2207,FailedCommons,[-35.70802467 -37.38611534 -77.91251742 -48.08209401]
1362,FailedCommons,[-35.54316022 -58.13583182 -82.04743851 -63.65919079]
3579,FailedCommons,[-31.14585996 -39.96700461 -60.25046312 -36.79397353]
3274,FailedCommons,[-21.60595002 -37.53957958 -39.40371451 -32.40958845]
2322,FailedCommons,[-32.81004167 -34.7780216  -56.03637401 -41.9735463 ]
2110,FailedCommons,[-21.64880801 -36.37861907 -46.79746973 -35.18795581]
1221,SuccessLords,[-45.66996025 -48.79569715 -62.21922036 -44.5006029 ]
2974,FailedCommons,[-35.84144908 -37.70342261 -58.23774378 -37.29977659]
1292,FailedCommons,[ -71.22886965  -80.57971646 -126.64909944  -87.90331185]
961,FailedCommons,[ -66.29407002  -78.48470388 -105.3117291   -92.07546574]
3475,FailedCommons,[-54.33122473 -61.14758065 -83.56073975 -54.93118017]
3568,FailedCommons,[-69.52188425 -70.56604546 -90.3857663  -70.36124795]
2757,FailedCommons,[ -56.77033365  -81.54726736 -113.64562918  -77.77023913]
3556,FailedCommons,[-48.97152862 -66.38009546 -76.54952014 -60.18363973]
1634,FailedCommons,[-55.529788   -76.44534995 -99.40728111 -72.19227087]
2241,FailedCommons,[ -77.8419154   -80.45217852 -124.03708144  -97.8243333 ]
1853,FailedCommons,[ -87.40913099 -103.62578121 -153.49095171 -113.97760312]
1650,FailedLords,[-128.68745725 -118.03565224 -200.94065534 -150.70944788]
1418,FailedCommons,[ -84.04649744  -93.98390087 -135.01890632 -100.29532643]
1459,FailedCommons,[-38.59480637 -52.05922961 -76.80009053 -48.35327149]
2957,FailedCommons,[-39.8649597  -44.70288833 -66.2331468  -52.53856786]
601,FailedCommons,[ -86.72072536 -108.11354733 -141.04225186  -93.26988619]
505,FailedCommons,[-39.23364105 -42.79816389 -59.1139697  -42.90035126]
1712,FailedCommons,[-61.37698062 -63.86762015 -89.98847021 -66.42166319]
846,FailedCommons,[-50.35069627 -50.49093112 -69.99681902 -60.34317294]
2173,FailedCommons,[ -94.46301467 -106.06455296 -126.83177265 -108.9372999 ]
2905,FailedCommons,[-44.26839904 -55.55097114 -77.46645836 -54.39532345]
2061,FailedCommons,[-21.860843   -32.21112841 -48.51119253 -38.24522746]
1867,FailedCommons,[-53.87001688 -68.50323728 -93.34607482 -55.28479289]
2077,FailedCommons,[ -71.93710611  -94.16076486 -124.32829796  -91.66678813]
3359,FailedCommons,[ -60.77670084  -78.31148611 -114.08270002  -86.48247555]
2460,FailedCommons,[-20.07128793 -31.51656468 -43.71422777 -33.53345196]
456,FailedLords,[-117.97606512 -106.02486018 -128.57563167 -115.44244089]
1631,FailedLords,[ -79.76848942  -44.27876823 -118.03963998  -83.14436148]
2282,FailedCommons,[ -97.1167901  -113.79561924 -155.18473921 -111.17683136]
698,FailedCommons,[ -98.22925319 -105.40123779 -129.21636288 -102.63976624]
2647,FailedCommons,[-18.3695376  -44.56228756 -46.1857934  -34.63439732]
1713,SuccessLords,[-30.80209112 -28.15819711 -47.52048271 -24.74860038]
2263,FailedCommons,[-45.63920649 -60.64501501 -76.44427326 -59.96084445]
1876,FailedCommons,[-24.09495993 -39.52621134 -46.31098042 -37.99979091]
1073,FailedCommons,[-39.44394437 -46.91409417 -67.9772691  -39.80267858]
769,FailedCommons,[-48.37482666 -51.08216807 -76.90817803 -57.07349777]
414,FailedCommons,[ -81.47518118  -87.89888073 -105.39755673  -92.21546119]
1258,FailedCommons,[-13.45555648 -20.06385323 -35.27434876 -24.0532105 ]
2461,FailedCommons,[ -54.53954801  -77.72546972 -104.4486423   -70.69849994]
2922,FailedCommons,[ -55.32074385  -68.25500448 -105.1918542   -60.46657305]
3182,FailedCommons,[ -83.03429932 -109.63258582 -131.72971538  -99.50833599]
459,FailedCommons,[-46.01771998 -78.38094484 -81.97531887 -71.53778831]
2963,FailedCommons,[-43.78202049 -50.52381771 -67.85101935 -63.98466412]
3053,FailedCommons,[-15.30162092 -17.08835383 -31.30042887 -21.53478065]
2221,FailedCommons,[-52.31358123 -77.38651512 -93.18682813 -73.76293191]
283,SuccessLords,[-20.3498734  -20.3243518  -29.84786019 -18.81942011]
1043,FailedCommons,[ -67.88852537 -103.25652854 -122.13441602 -108.01265635]
1069,FailedCommons,[-44.28805864 -58.58977583 -89.19586907 -58.27215752]
3562,SuccessLords,[-49.06236626 -47.52673997 -72.80002803 -44.97979688]
331,FailedCommons,[-36.44267609 -50.30071054 -71.4065759  -51.64000038]
2238,FailedCommons,[-56.32493766 -96.27762027 -99.78374015 -86.33053538]
1063,FailedCommons,[ -87.16548839 -105.29381032 -123.04200289  -97.53110805]
2302,FailedCommons,[ -80.77023835  -80.79756643 -107.4802733   -82.88813543]
3235,FailedCommons,[ -72.68210248 -105.73690176 -120.3270173   -98.69360855]
2081,SuccessLords,[-33.05106816 -38.71616327 -51.54347842 -29.80119548]
2784,FailedCommons,[-30.68442215 -46.51129075 -66.93258156 -46.5050594 ]
569,SuccessLords,[-59.09126258 -64.57706743 -96.85597451 -52.15518683]
427,SuccessLords,[-48.19628881 -55.64752455 -74.48449501 -48.06702271]
2969,FailedCommons,[-59.73477979 -74.72810341 -88.0824959  -75.89399822]
1946,FailedCommons,[-53.58627949 -71.27538668 -87.73633628 -63.87109883]
1309,FailedCommons,[-47.83611968 -57.76878696 -83.80334155 -57.67569732]
3118,FailedCommons,[-46.0469705  -57.90979898 -74.98770678 -57.55495602]
2211,FailedCommons,[-56.708637   -71.85762464 -85.84110883 -62.63368118]
3703,FailedCommons,[-44.62723955 -79.49053667 -92.167252   -72.36813133]
2303,FailedCommons,[ -61.76136157  -98.38905958 -116.19463211  -66.31828672]
1505,FailedCommons,[ -69.49390935 -101.12501451 -119.76011297 -101.52464211]
3390,FailedLords,[-19.00715191 -18.30608647 -29.69778042 -22.80274234]
1856,FailedLords,[-57.4092984  -53.67250572 -88.58828146 -59.13345174]
1675,FailedCommons,[ -75.86201318  -82.23574373 -108.71437839  -79.30076114]
1072,FailedCommons,[-29.10589908 -38.36029861 -48.30638055 -30.54108219]
239,FailedCommons,[-48.32197421 -67.73553444 -92.5517902  -68.2897154 ]
1257,FailedCommons,[-32.60201173 -43.58989446 -64.08590915 -52.35031205]
3271,FailedCommons,[ -72.0486873   -83.3576762  -122.72031446 -106.99390226]
3283,FailedCommons,[-33.05691795 -50.76306821 -81.22801715 -53.35421927]
2078,FailedCommons,[ -59.59646448  -95.09729141 -149.20647619 -108.2819581 ]
2981,FailedCommons,[ -58.51468337  -72.24262206 -101.25968082  -75.80162208]
2104,FailedCommons,[ -69.92750164  -93.93121856 -123.83310516  -96.34620405]
228,FailedCommons,[-59.41025097 -71.18592166 -84.25167019 -66.87785571]
293,SuccessLords,[-19.29692922 -26.29190355 -37.8311178  -18.87604008]
1646,FailedCommons,[-48.40004875 -64.19740994 -93.62175667 -74.12516512]
1643,SuccessLords,[-68.86297718 -84.38863576 -98.32058033 -60.99787543]
768,FailedLords,[ -6.80529989  -4.48790497 -15.10515996 -10.2099709 ]
1875,FailedCommons,[-38.59480637 -52.05922961 -76.80009053 -48.35327149]
3590,FailedCommons,[ -77.71825388  -95.78454271 -120.54637806 -104.20094165]
838,FailedLords,[-80.48474755 -77.15636991 -92.07475901 -80.64957277]
3072,FailedCommons,[-22.82376206 -27.28600545 -38.54404761 -25.07485839]
2984,FailedCommons,[-11.34988155 -18.44996802 -33.50080486 -23.52004538]
3421,FailedCommons,[-49.37494311 -71.00291759 -81.51134992 -61.53601412]
1638,FailedCommons,[ -68.36231944 -115.51066042 -157.40814582 -115.93883727]
241,FailedCommons,[-10.93439556 -18.78085278 -26.53998846 -24.86173785]
3667,FailedCommons,[ -66.26291716  -85.17369864 -113.13085764  -85.26018197]
1923,FailedCommons,[ -68.56036466  -88.64539065 -122.95990245  -95.98502828]
587,FailedCommons,[-36.25237137 -47.93856643 -61.88989341 -49.67063853]
1455,FailedCommons,[-32.43447908 -43.59838095 -64.00555012 -52.19999054]
1877,FailedCommons,[ -70.52080486  -77.99989071 -111.29292655  -80.35994518]
2750,FailedLords,[-29.54343455 -26.66342103 -46.68427006 -32.30590234]
1437,FailedCommons,[-42.61192894 -57.95150093 -85.13165645 -60.58975965]
498,FailedCommons,[-38.0050137  -44.22861848 -66.6211508  -47.4456284 ]
2940,FailedCommons,[-51.58295041 -70.30717476 -88.76150379 -61.48768375]
2375,FailedCommons,[ -72.73690818 -124.82860547 -147.3669806  -133.64330917]
3065,FailedCommons,[-31.4459306  -39.90917387 -68.00849107 -60.34540087]
2080,FailedCommons,[-67.68438931 -74.23737087 -83.68497908 -79.04818146]
1862,FailedCommons,[-54.13773547 -80.12025747 -96.63924812 -76.35196972]
2121,SuccessLords,[-36.88151158 -49.57118947 -71.54372274 -36.69274158]
3280,FailedCommons,[-41.85156206 -46.98418843 -69.30815978 -51.67222858]
2239,FailedCommons,[-61.60497055 -72.38824933 -99.15515424 -74.66883729]
408,FailedCommons,[-62.09642012 -71.31066245 -97.90152454 -65.24024203]
3346,FailedCommons,[-55.97990833 -79.33853393 -97.83833327 -84.78338003]
2787,FailedCommons,[-62.30496227 -67.12062624 -92.40153954 -62.50362282]
442,SuccessLords,[ -92.19860275  -99.42933479 -127.38425645  -86.63686685]
2795,FailedLords,[ -72.34112372  -55.08200077 -126.29401124  -97.06231334]
2088,FailedCommons,[-36.08261704 -50.85027339 -83.48870846 -51.58826537]
2315,FailedCommons,[-27.96670951 -33.8195707  -48.2143195  -28.2915292 ]
2363,FailedLords,[-34.94685982 -34.75238445 -49.69985011 -37.77837385]
1470,FailedCommons,[-25.62780403 -36.53560791 -44.55585315 -32.47389615]
2074,FailedCommons,[-46.54429787 -63.0102559  -92.79653685 -73.84335712]
1648,FailedLords,[ -78.4958208   -75.4049956  -104.23303417  -80.28541928]
3094,FailedCommons,[ -34.03392611 -109.92686259  -93.53176623  -88.54544072]
2212,FailedCommons,[-73.26906111 -87.23202129 -94.28655154 -92.72303165]
3303,FailedCommons,[-122.08813802 -145.38605232 -180.34146745 -147.34494623]
2953,FailedLords,[-27.88229964 -25.21856186 -50.00176811 -38.39513156]
2187,FailedCommons,[ -60.71602523  -80.72416521 -102.59404849  -85.51684898]
1845,FailedCommons,[ -88.80479666  -96.51244666 -127.7080217   -96.75868886]
3413,FailedCommons,[-45.92452057 -51.59933892 -84.76349598 -62.89123931]
1960,FailedCommons,[-52.47363144 -55.22296083 -95.83911988 -65.97348987]
868,FailedCommons,[-10.70008837 -16.17310306 -25.05600858 -20.79760656]
3640,FailedCommons,[-35.84006079 -37.70778393 -58.21182301 -38.52008519]
1545,FailedCommons,[-169.14946389 -175.84207178 -264.40841147 -194.80232389]
1873,FailedCommons,[-47.57654413 -76.09296016 -97.99553269 -78.79704793]
1653,FailedLords,[-31.6257899  -25.91329647 -49.93552791 -31.77301024]
3557,FailedCommons,[-27.49997417 -34.27951694 -51.55740148 -33.96645174]
2098,FailedCommons,[-61.47259525 -61.92174152 -86.03824854 -62.09693823]
2951,FailedLords,[-17.59618012 -17.16737729 -39.07115172 -22.3881889 ]
2291,FailedCommons,[-30.51421522 -49.57607518 -65.39110139 -34.80757096]
1924,FailedCommons,[ -73.93852532 -113.9366523  -155.44730534 -123.99156931]
1649,SuccessLords,[-31.28935549 -32.42661721 -45.90630255 -27.62052155]
3231,FailedCommons,[-45.39603092 -49.51612152 -85.14636735 -61.17922939]
1869,FailedCommons,[-33.60137367 -45.77624212 -65.52542748 -44.16949884]
2288,FailedCommons,[-52.27500971 -59.64164321 -80.40421893 -62.16303467]
3091,FailedCommons,[-13.44733049 -13.69150066 -20.27005344 -13.6516373 ]
2269,FailedCommons,[-42.2395767  -43.0622634  -65.18206071 -42.4059701 ]
691,FailedCommons,[-46.89033091 -72.03743906 -87.9272402  -65.82551604]
3550,FailedLords,[-18.60797775 -15.33091513 -33.89118081 -21.60513023]
3296,FailedCommons,[-37.95676903 -39.73894294 -60.99504627 -43.12872924]
2237,FailedLords,[-60.06587338 -54.69480322 -91.299175   -65.47901723]
3267,FailedCommons,[-11.22621108 -18.36909184 -33.06099948 -25.39632145]
2068,FailedCommons,[-46.84184163 -51.05206078 -82.50539559 -59.23240055]
3289,FailedLords,[-43.65625922 -43.27911872 -67.0595664  -52.92833138]
3013,FailedCommons,[-37.88703314 -51.42563291 -77.45098178 -60.21700695]
478,FailedCommons,[-47.1552946  -59.32972749 -68.72918326 -48.04120024]
491,FailedCommons,[-25.06376584 -33.4231077  -46.58389975 -28.23456053]
3063,FailedCommons,[ -82.00219969  -83.52225116 -125.2766766   -91.45779701]
1252,FailedCommons,[ -59.41473056  -89.27884325 -116.94396713  -89.26842633]
1865,FailedCommons,[-40.29480445 -59.15313915 -82.8024399  -60.35784509]
2987,FailedCommons,[-33.58562664 -51.23682384 -82.06274942 -52.37244776]
3270,FailedCommons,[-49.98358479 -61.6667931  -84.37220803 -68.76937414]
1728,FailedCommons,[-53.83571569 -61.96316582 -95.14836728 -65.97043242]
3660,FailedCommons,[-53.25124803 -65.48280078 -90.51380331 -66.22114255]
1056,FailedLords,[-50.27343205 -50.13834567 -70.74310252 -54.14186506]
2357,FailedCommons,[-34.06027828 -54.64048752 -73.2717761  -58.37830995]
2277,FailedCommons,[-24.66946079 -32.31800608 -43.60719121 -30.73438496]
170,FailedCommons,[-48.26909696 -50.9523007  -67.0246989  -51.75030948]
3379,FailedCommons,[-56.31942969 -64.00176449 -79.49451201 -70.29713135]
2189,FailedCommons,[ -67.42152757  -71.21288179 -102.90006469  -73.46540918]
3202,FailedCommons,[-32.33235059 -51.53526738 -69.17263645 -50.85265951]
737,FailedCommons,[ -93.7071767  -100.03797796 -146.5821635  -116.03931042]
3504,FailedCommons,[ -65.39317688  -83.30093012 -100.57625575  -81.9870027 ]
2283,FailedCommons,[-32.97407196 -39.75055222 -47.74950597 -33.17911176]
2258,FailedCommons,[ -75.32677728  -90.66068894 -111.95062629  -98.87807209]
440,FailedCommons,[-50.69212504 -60.13766856 -83.47745839 -56.32029055]
2630,FailedCommons,[-57.07897677 -59.08692091 -88.91317874 -65.82822966]
1871,FailedCommons,[ -72.52649678  -86.17092944 -104.68567644  -86.31121559]
453,FailedCommons,[-39.84760428 -44.88681992 -63.18029143 -45.19753765]
1730,FailedCommons,[ -58.82811647  -68.18662362 -126.29693994  -79.95504709]
1741,FailedLords,[ -84.83806706  -83.15250288 -133.07274629 -100.15895938]
434,FailedCommons,[-41.83116545 -46.89801073 -73.62104756 -58.62448252]
782,FailedCommons,[-39.31345387 -44.73875226 -65.1904654  -44.7003277 ]
1655,FailedCommons,[-43.32384595 -57.41123176 -87.19825526 -67.54252648]
749,FailedCommons,[-48.28205025 -56.66135389 -92.69275987 -54.5821229 ]
410,FailedLords,[ -69.76381003  -65.98850197 -110.154922    -87.60895906]
2364,FailedLords,[-22.48998408 -20.34799639 -37.69586977 -32.36635395]
575,FailedCommons,[ -65.75349085  -66.56733149 -105.01847458  -69.8546091 ]
3676,FailedLords,[-62.7981748  -60.98389163 -98.58358882 -70.22655707]
267,FailedLords,[-19.47345663 -18.04412633 -28.66699925 -20.67519131]
1932,FailedCommons,[-30.35542481 -32.52132925 -56.21055891 -31.59947669]
1706,FailedCommons,[ -58.69576115  -91.66248666 -119.28152894 -100.02500435]
441,FailedLords,[ -81.31247016  -62.96304211 -108.00599109  -71.88262444]
591,FailedCommons,[ -94.41599784 -107.62616164 -145.59691492 -103.45666016]
2880,FailedCommons,[-47.22699236 -68.89235754 -94.36996    -62.22323766]
2752,SuccessLords,[-29.7871527  -32.16058293 -49.02729108 -29.11134613]
2855,FailedCommons,[-56.10843543 -62.4736489  -78.06158889 -67.27589934]
840,FailedLords,[-117.00387482 -112.11290644 -143.78669374 -119.06405169]
1906,FailedCommons,[ -83.83384683 -104.88186162 -120.012515   -101.69092161]
3652,FailedCommons,[-38.76226331 -53.3495594  -79.96863611 -62.43140052]
3295,FailedCommons,[-23.34154838 -30.18962681 -44.30901553 -32.38648333]
3286,FailedCommons,[ -45.35199917  -86.48279967 -116.80715136  -94.80592192]
3421,FailedCommons,[-49.37494311 -71.00291759 -81.51134992 -61.53601412]
2227,FailedCommons,[ -57.82972803  -79.72662261 -103.52678429  -81.509665  ]
1937,FailedLords,[ -56.910205    -51.84136967 -100.44151713  -60.84332169]
706,FailedCommons,[-53.63028568 -68.16621389 -87.39982564 -62.73077694]
2880,FailedCommons,[-47.22699236 -68.89235754 -94.36996    -62.22323766]
476,FailedCommons,[-33.92114853 -35.61944564 -51.6061519  -41.27628014]
3363,FailedCommons,[ -64.69044054  -96.57955439 -118.53761053 -104.7427899 ]
822,FailedCommons,[-12.51190443 -14.7549433  -27.76637049 -17.07752568]
1471,FailedCommons,[-55.96231448 -59.33851626 -88.17760763 -61.27159618]
3449,FailedLords,[ -78.82567154  -77.50140755 -112.19943378  -83.54369389]
3043,FailedCommons,[-44.41113439 -52.63652538 -68.2233785  -49.33233139]
582,FailedCommons,[-39.26115736 -47.15458326 -58.61095801 -40.12848735]
3460,FailedCommons,[ -87.69746772 -127.1311871  -167.21649634 -138.40241961]
412,FailedCommons,[-39.42774324 -40.00586747 -67.18277725 -43.65658858]
1424,SuccessLords,[ -75.64917669  -75.77096026 -111.51828737  -74.54132311]
2920,FailedCommons,[ -71.64757984  -78.76515796 -100.99412051  -74.5002411 ]
2201,FailedCommons,[-52.1688861  -69.70292963 -88.17924008 -62.16048851]
774,FailedCommons,[-27.21338961 -35.47848241 -50.90499072 -38.93632215]
3077,FailedCommons,[-32.29377837 -42.94361142 -58.26862859 -48.76410557]
1460,FailedCommons,[ -73.4976748   -84.70113393 -118.96571893  -77.14848134]
1860,SuccessLords,[ -73.41347015  -78.70606615 -108.97496519  -68.97147111]
2742,FailedCommons,[-44.83233935 -65.36889059 -88.14273546 -60.48478318]
2171,FailedCommons,[ -92.99519286 -108.50035575 -151.00512211  -97.30858881]
430,FailedCommons,[ -92.09115636 -109.75701278 -151.91874159  -97.3701334 ]
2178,FailedCommons,[ -48.88364869  -98.39998747 -130.82400549  -94.13312226]
3299,FailedCommons,[-28.10211537 -34.4869463  -46.91524694 -36.84528098]
3343,FailedCommons,[-33.66472393 -41.30882679 -58.43263342 -44.50406572]
1667,FailedCommons,[-32.43447908 -43.59838095 -64.00555012 -52.19999054]
1267,FailedCommons,[ -63.97882314  -74.89323577 -103.13065035  -70.65622661]
3354,FailedCommons,[-20.93889914 -26.59991195 -38.8254073  -26.87190035]
1225,FailedCommons,[-17.95490168 -35.7130691  -42.72536941 -36.56259946]
835,SuccessLords,[-108.16485482 -108.32919499 -127.45628032  -98.15321681]
264,FailedCommons,[-38.12191704 -39.43931964 -57.2543039  -38.2673161 ]
694,FailedCommons,[-17.28247273 -25.20790976 -35.48430794 -21.93701543]
1747,FailedCommons,[ -76.72021015 -126.11150414 -171.02989573 -131.10328691]
3052,FailedCommons,[-68.68054942 -83.12252365 -99.66171708 -82.14867032]
965,FailedCommons,[-36.15907657 -44.8617982  -64.26384967 -43.6425743 ]
1068,FailedCommons,[-41.18202111 -67.30416223 -96.58732153 -68.97725129]
3561,FailedLords,[-42.94145844 -36.26220859 -63.00814502 -50.25675382]
1304,FailedCommons,[-29.15438267 -39.25115372 -48.37930164 -38.62516316]
1297,FailedCommons,[-34.34518635 -45.14238695 -48.76442494 -45.07389244]
604,FailedCommons,[ -8.28367755  -9.37675227 -17.3633544  -10.19967159]
1457,FailedCommons,[-43.32384595 -57.41123176 -87.19825526 -67.54252648]
1904,FailedCommons,[ -51.97232273  -78.09162085 -102.96606295  -87.31534049]
1695,FailedCommons,[-44.32008339 -60.61149997 -78.83105287 -60.00972929]
709,FailedCommons,[-51.66188747 -54.50580488 -78.18782907 -55.65075056]
759,FailedLords,[ -96.17949672  -96.05686984 -115.13662861 -109.16049315]
2701,FailedCommons,[-30.59245648 -38.68244494 -61.6423338  -39.84165004]
2687,FailedCommons,[ -65.89595977  -89.52150828 -114.88108232  -98.49294954]
1705,FailedLords,[ -76.18620905  -69.50979013 -114.60665127  -89.33417023]
608,FailedCommons,[-29.99361344 -35.06605344 -56.69292226 -31.9373781 ]
813,FailedCommons,[-42.31106017 -72.19801679 -74.0562032  -66.10395762]
2669,SuccessLords,[ -64.00307929  -78.69101655 -104.35465788  -62.42107139]
1217,FailedCommons,[-28.13370211 -47.242864   -52.16359322 -40.34234962]
1478,FailedCommons,[-43.27892226 -54.79561435 -70.49932629 -53.64741542]
696,FailedCommons,[-100.38322932 -134.04221392 -156.72283586 -139.6514272 ]
1428,FailedCommons,[-14.05853646 -17.31933846 -20.63305199 -16.45844927]
818,FailedCommons,[-24.56420536 -28.693721   -40.27586334 -25.14772285]
2197,SuccessLords,[-67.81888819 -73.78766598 -99.27320404 -64.69813758]
684,FailedCommons,[-47.50152833 -48.90366402 -74.24096421 -47.84498084]
1857,FailedCommons,[-59.63830253 -78.87198206 -81.53897503 -88.44570173]
418,FailedCommons,[-46.22240937 -58.1698908  -77.37154616 -53.7772962 ]
3601,FailedCommons,[-31.80876884 -34.07825338 -50.92187147 -42.82221624]
2451,FailedCommons,[ -56.77033365  -81.54726736 -113.64562918  -77.77023913]
599,FailedCommons,[ -80.40255392  -93.877899   -136.7932723  -109.19387333]
2259,FailedCommons,[-36.66029078 -38.20043686 -51.47878169 -39.23622204]
2101,FailedCommons,[ -51.61921525  -99.37317951 -133.71577817 -107.52707166]
3093,FailedCommons,[-41.76002815 -55.33855263 -74.22686881 -54.59439356]
1335,FailedCommons,[ -73.4976748   -84.70113393 -118.96571893  -77.14848134]
2069,FailedCommons,[-56.38160384 -70.25490637 -90.49408008 -70.83280892]
2929,FailedLords,[ -62.21949216  -55.59587126 -100.9556207   -77.88376935]
2366,SuccessLords,[-30.2793995  -26.77936944 -42.9526202  -20.10408501]
756,FailedLords,[-38.6811832  -37.85752681 -62.20207742 -51.05781734]
3070,FailedCommons,[-57.24519466 -65.40314143 -95.54899141 -77.83489622]
700,FailedCommons,[-42.42740227 -59.29769142 -73.81640295 -56.51616112]
2926,FailedCommons,[-50.60434552 -62.16334244 -84.88285478 -68.22014026]
1668,FailedCommons,[ -63.71453888  -92.44028355 -118.30084866  -91.33048507]
234,FailedLords,[-34.56990398 -32.9445709  -54.29471087 -38.73060039]
1894,FailedCommons,[-34.66277852 -47.580127   -58.47996843 -49.87187395]
1436,SuccessLords,[-24.21038277 -25.73935247 -35.42845471 -22.38692006]
3586,FailedLords,[ -72.68505212  -63.16733779 -112.14571845  -79.11722474]
240,FailedCommons,[-13.40218657 -20.42327577 -30.72484092 -19.85533494]
1656,FailedCommons,[-38.86327615 -52.97525796 -60.57081853 -56.73291241]
3012,SuccessLords,[-16.77023092 -22.4628382  -28.03165183 -16.1825877 ]
3087,FailedCommons,[-31.35740264 -36.29859281 -41.77177311 -42.08505746]
3439,FailedCommons,[-58.24081932 -71.87059971 -85.04676357 -69.70255693]
3039,FailedCommons,[-29.58833317 -48.18666185 -62.47863246 -36.07142828]
2243,FailedCommons,[-33.60137367 -45.77624212 -65.52542748 -44.16949884]
417,FailedCommons,[-54.00884932 -56.81251038 -87.55939671 -70.30155179]
507,SuccessLords,[-38.88612979 -39.65155852 -57.81872376 -34.25526414]
2159,FailedCommons,[-57.47098114 -72.21579695 -93.3070846  -75.34422371]
1261,FailedLords,[-15.35685434 -10.24509915 -38.7525343  -14.48531455]
3345,SuccessLords,[-26.02818752 -25.81584571 -43.87748295 -23.87866352]
2744,FailedCommons,[-26.61639677 -30.88895809 -45.5324387  -32.24061963]
1463,FailedCommons,[-131.14594076 -140.55867398 -178.16356536 -142.89400325]
249,FailedCommons,[-48.86544998 -53.29279385 -78.04280715 -50.57981591]
2716,FailedCommons,[-41.00107402 -53.28355863 -65.72266042 -55.47826267]
1515,FailedCommons,[-49.89775963 -54.16668712 -85.36981287 -52.02477687]
488,FailedCommons,[-40.99259067 -44.43506529 -71.39020581 -52.20519037]
2430,FailedCommons,[-20.07128793 -31.51656468 -43.71422777 -33.53345196]
2902,FailedCommons,[-46.65877605 -58.90132258 -84.74933558 -69.9642323 ]
1652,FailedCommons,[ -90.25965668  -98.7467214  -138.79692908 -101.19563557]
2093,FailedCommons,[-41.49533562 -55.62868545 -74.98902155 -56.79389983]
3350,FailedCommons,[ -70.56269029  -93.83910418 -142.24902056  -87.81135892]
1658,FailedCommons,[ -91.27093207 -118.86093572 -152.55152903 -133.99523113]
852,FailedLords,[-57.79198477 -57.55282989 -94.69158576 -60.92790296]
1958,FailedCommons,[ -69.98913281  -74.17758987 -105.95163978  -80.25164113]
